cid,smiles
cid_0,B
cid_1,B([C@@H]1CCCN1C(=O)[C@@H]2CCCN2)(O)O
cid_2,B([C@H](CC(C)C)NC(=O)[C@H](CC1=CC=CC=C1)NC(=O)C2=NC=CN=C2)(O)O
cid_3,C#C
cid_4,C#CC(CCC(=O)O)N
cid_5,C#CCN(CC1=CC2=C(C=C1)NC(=NC2=O)N)C3=CC=C(C=C3)C(=O)NC(CCC(=O)O)C(=O)O
cid_6,C#CCN(CC1=CC2=C(C=C1)NC(=NC2=O)N)C3=CC=C(C=C3)C(=O)N[C@@H](CCC(=O)O)C(=O)O
cid_7,C#CCO
cid_8,C(#N)S
cid_9,C(=C(F)F)Cl
cid_10,C(=C(\O)/[O-])\[C@H](C(=O)[O-])O
cid_11,C(=C/C(=O)O)\C(=O)O
cid_12,C(=N)(N)N
cid_13,C(=O)(C(=O)O)N
cid_14,C(=O)(C(=O)O)O
cid_15,C(=O)(C(=O)[O-])N
cid_16,C(=O)(C(=O)[O-])[O-]
cid_17,C(=O)(C(C(C(C(C(C(C(F)(F)F)(F)F)(F)F)(F)F)(F)F)(F)F)(F)F)O
cid_18,C(=O)(C(C(C(F)(F)F)(F)F)(F)F)O
cid_19,C(=O)(C(F)(F)F)O
cid_20,C(=O)(C(F)(F)F)OC(=O)C(F)(F)F
cid_21,C(=O)(N)NN
cid_22,C(=O)(N)[O-]
cid_23,C(=O)([O-])[O-]
cid_24,C(=O)C(=O)O
cid_25,C(=O)C(Cl)Cl
cid_26,C(=O)C=O
cid_27,C(=O)O
cid_28,C(=O)[O-]
cid_29,C(Br)(Br)Br
cid_30,C(Br)Br
cid_31,C(C#N)C(C(=O)O)N
cid_32,C(C(=O)C(=O)O)C(=O)O
cid_33,C(C(=O)C(=O)O)O
cid_34,C(C(=O)C(=O)O)S
cid_35,C(C(=O)C(=O)O)S(=O)(=O)O
cid_36,C(C(=O)CO)O
cid_37,C(C(=O)COP(=O)(O)O)O
cid_38,C(C(=O)N)I
cid_39,C(C(=O)O)(C(=O)O)N
cid_40,C(C(=O)O)C(=O)O
cid_41,C(C(=O)O)N
cid_42,C(C(=O)O)N(C=O)O
cid_43,C(C(=O)O)N(CC(=O)O)CC(=O)O
cid_44,C(C(=O)O)N=C(N)N
cid_45,C(C(=O)O)NCC(=O)O
cid_46,C(C(=O)O)OP(=O)(O)O
cid_47,C(C(=O)[O-])(C(=O)[O-])O
cid_48,C(C(=O)[O-])Br
cid_49,C(C(=O)[O-])C(CC(=O)[O-])(C(=O)O)O
cid_50,C(C(=O)[O-])C(CC(=O)[O-])(C(=O)[O-])O
cid_51,C(C(=O)[O-])F
cid_52,C(C(Br)(Br)Br)O
cid_53,C(C(Br)Br)(Br)Br
cid_54,C(C(C(=O)C(=O)O)C(=O)O)C(=O)O
cid_55,C(C(C(=O)O)F)[NH3+]
cid_56,C(C(C(=O)O)N)C(=O)O
cid_57,C(C(C(=O)O)N)Cl
cid_58,C(C(C(=O)O)N)N
cid_59,C(C(C(=O)O)N)O
cid_60,C(C(C(=O)O)N)OP(=O)(O)O
cid_61,C(C(C(=O)O)NC(=O)N)C(=O)O
cid_62,C(C(C(=O)O)O)(C(=O)O)N
cid_63,C(C(C(=O)O)O)(C(=O)O)O
cid_64,C(C(C(=O)O)O)C(=O)O
cid_65,C(C(C(=O)O)O)O
cid_66,C(C(C(=O)O)O)OP(=O)(O)O
cid_67,C(C(C(=O)O)S)(C(=O)O)S
cid_68,C(C(C(=O)O)S)C(=O)O
cid_69,C(C(C(C(=O)CO)O)O)O
cid_70,C(C(C(C(=O)O)O)C(=O)O)C(=O)O
cid_71,C(C(C(C(=O)O)O)O)(C(C(=O)O)O)O
cid_72,C(C(C(C(=O)[O-])O)O)OP(=O)(O)O
cid_73,C(C(C(C(C(=O)C(=O)O)O)O)O)O
cid_74,C(C(C(C(C(=O)CO)O)O)O)O
cid_75,C(C(C(C(C(C(=O)CO)O)O)O)O)OP(=O)(O)O
cid_76,C(C(C(C(C(C(=O)O)O)O)O)O)O
cid_77,C(C(C(C(C(CO)O)O)O)O)C(=O)C(=O)O
cid_78,C(C(C(C(C(CO)O)O)O)O)O
cid_79,C(C(C(C(C(COP(=O)(O)O)O)O)O)N)O
cid_80,C(C(C(CO)O)O)O
cid_81,C(C(C=O)O)O
cid_82,C(C(CBr)Br)Cl
cid_83,C(C(CC(=O)O)C(=O)O)C(=O)O
cid_84,C(C(CC(=O)O)O)C(=O)O
cid_85,C(C(CO)(CO)CO)O
cid_86,C(C(CO)O)O
cid_87,C(C(CO)OP(=O)(O)O)O
cid_88,C(C(COP(=O)(O)O)O)O
cid_89,C(C(CO[N+](=O)[O-])O[N+](=O)[O-])O[N+](=O)[O-]
cid_90,C(C(Cl)(Cl)Cl)(Cl)Cl
cid_91,C(C(Cl)(Cl)Cl)O
cid_92,C(C(F)(F)F)Cl
cid_93,C(C(F)(F)F)O
cid_94,C(C1C(C(C(C(=O)O1)O)O)O)O
cid_95,C(C1C(C(C(C(O1)O)O)O)O)O
cid_96,C(C1C(C(C(C(O1)O)O)O)O)OP(=O)(O)O
cid_97,C(C1C(C(C(C(O1)OC2C(OC(C(C2O)O)OC3C(OC(C(C3O)O)O)CO)CO)O)O)O)O
cid_98,C(C1C(C(C(C(O1)OC2C(OC(C(C2O)O)OC3C(OC(C(C3O)O)OC4C(OC(C(C4O)O)O)CO)CO)CO)O)O)O)O
cid_99,C(C1C(C(C(C(O1)OP(=O)(O)O)O)O)O)O
cid_100,C(C1C(C(C(O1)O)O)O)O
cid_101,C(C=O)C(=O)O
cid_102,C(C=O)C(C(CO)O)O
cid_103,C(C=O)Cl
cid_104,C(C=O)O
cid_105,C(CC(=O)C(=O)O)CC(=O)O
cid_106,C(CC(=O)N)C(=O)C(=O)O
cid_107,C(CC(=O)N)C(=O)N
cid_108,C(CC(=O)N)[C@@H](C(=O)O)N
cid_109,C(CC(=O)NC(CSN=O)C(=O)NCC(=O)O)C(C(=O)O)N
cid_110,C(CC(=O)N[C@@H](CS)C(=O)NCC(=O)O)[C@@H](C(=O)O)N
cid_111,C(CC(=O)O)C(=O)C(=O)O
cid_112,C(CC(=O)O)C(=O)CC(=O)O
cid_113,C(CC(=O)O)C(=O)CN
cid_114,C(CC(=O)O)C(C(=O)O)N
cid_115,C(CC(=O)O)C(C(=O)O)O
cid_116,C(CC(=O)O)C=O
cid_117,C(CC(=O)O)CC(=O)O
cid_118,C(CC(=O)O)CN
cid_119,C(CC(=O)O)CN=C(N)N
cid_120,C(CC(=O)O)CO
cid_121,C(CC(=O)O)[C@@H](C(=O)O)N
cid_122,C(CC(=O)[O-])C(=O)[O-]
cid_123,C(CC(C(=O)O)N)C=O
cid_124,C(CC(C(=O)O)N)CC(=O)O
cid_125,C(CC(C(=O)O)N)CC(C(=O)O)N
cid_126,C(CC(C(=O)O)N)CN
cid_127,C(CC(C(F)F)(C(=O)O)N)CN
cid_128,C(CC(CC(=O)O)N)CN
cid_129,C(CC(O)(P(=O)(O)O)P(=O)(O)O)CN
cid_130,C(CC=O)CC=O
cid_131,C(CCC(=O)N)CC(CCS)S
cid_132,C(CCC(=O)O)CC(=O)O
cid_133,C(CCC(=O)O)CC(CCS)S
cid_134,C(CCC(=O)O)CCN
cid_135,C(CCC(=O)O)C[C@H](CCS)S
cid_136,C(CCCC(=O)O)CCC(=O)O
cid_137,C(CCCC(=O)O)CCCC(=O)O
cid_138,C(CCCCC(=O)O)CCCC(=O)O
cid_139,C(CCCN)CCCNC(N)N
cid_140,C(CCCO)CCO
cid_141,C(CCN)CC(=O)O
cid_142,C(CCN)CC(C(=O)O)N
cid_143,C(CCN)CCN
cid_144,C(CCN)CN
cid_145,C(CCN)C[C@@H](C(=O)O)N
cid_146,C(CCO)CO
cid_147,C(CCl)N(CCCl)CCCl
cid_148,C(CCl)O
cid_149,C(CN(CC(=O)O)CC(=O)O)N(CC(=O)O)CC(=O)O
cid_150,C(CN(CC(=O)O)CC(=O)O)N(CCN(CC(=O)O)CC(=O)O)CC(=O)O
cid_151,C(CN)C#N
cid_152,C(CN)C(=O)O
cid_153,C(CN)C(C(=O)O)N
cid_154,C(CN)CN
cid_155,C(CN)CO
cid_156,C(CNC(=O)N)C(=O)O
cid_157,C(CNC(CO)(CO)CO)CNC(CO)(CO)CO
cid_158,C(CO)C(C(=O)O)N
cid_159,C(CO)C(CCO)(CCO)N
cid_160,C(CO)NN
cid_161,C(CO)O
cid_162,C(CO)[C@@H](C(=O)O)N
cid_163,C(COCCOCCO)O
cid_164,C(CON=C(N)N)[C@@H](C(=O)O)N
cid_165,C(CP(=O)(O)O)C(=O)O
cid_166,C(CS)C(=O)O
cid_167,C(CS)C(C(=O)O)N
cid_168,C(CS)O
cid_169,C(CS)[C@@H](C(=O)O)N
cid_170,C(CSC(=N)N)N
cid_171,C(CSCC(C(=O)O)N)C(C(=O)O)N
cid_172,C(CSC[C@@H](C(=O)O)N)O
cid_173,C(CSSCCO)O
cid_174,C(CSSC[C@@H](C(=O)O)N)O
cid_175,C(CS[C@@H](CC(=O)O)C(=O)O)N=C(N)N
cid_176,C(C[C@@H](C(=O)O)N)CN
cid_177,C(C[C@@H](C(=O)O)N)CN=C(N)N
cid_178,C(C[C@@H](C(=O)O)N)CNC(=O)N
cid_179,C([C@@H](C(=O)O)N)C(=O)N
cid_180,C([C@@H](C(=O)O)N)C(=O)O
cid_181,C([C@@H](C(=O)O)N)C(=O)OP(=O)(O)O
cid_182,C([C@@H](C(=O)O)N)N1C(=O)NC(=O)O1
cid_183,C([C@@H](C(=O)O)N)O
cid_184,C([C@@H](C(=O)O)N)OP(=O)(O)O
cid_185,C([C@@H](C(=O)O)N)S
cid_186,C([C@@H](C(=O)O)N)S(=O)(=O)O
cid_187,C([C@@H](C(=O)O)N)SCC(=O)O
cid_188,C([C@@H](C(=O)O)N)SO
cid_189,C([C@@H](C(=O)O)N)SP(=O)(O)O
cid_190,C([C@@H](C(=O)O)N)SS
cid_191,C([C@@H](C(=O)O)N)SS(=O)(=O)O
cid_192,C([C@@H]([C@@H]([C@H]([C@H](C(=O)O)O)O)O)O)O
cid_193,C([C@@H]([C@H]([C@@H](C(=O)CO)O)O)O)O
cid_194,C([C@@H]1[C@@H]([C@@H]([C@H]([C@@H](O1)O[C@@H]2[C@H](O[C@@]([C@H]2O)(CO)O)CO)O)O)O)O
cid_195,C([C@@H]1[C@@H]([C@@H]([C@H]([C@@H](O1)O[C@@H]2[C@H](O[C@H]([C@@H]([C@H]2O)O)O)CO)O)O)O)O
cid_196,C([C@@H]1[C@@H]([C@@H]([C@H]([C@@H](O1)O[C@H]([C@@H](CO)O)[C@@H]([C@H](C(=O)O)O)O)O)O)O)O
cid_197,C([C@@H]1[C@H]([C@@H]([C@H](C(=O)O1)O)O)O)O
cid_198,C([C@@H]1[C@H]([C@@H]([C@H]([C@H](O1)OP(=O)(O)O)O)O)O)O
cid_199,C([C@@H]1[C@H]([C@@H]([C@H]([C@H](O1)O[C@@H]2[C@@H]([C@H]([C@@H]([C@H](O2)CO)O)O)O)O)O)O)O
cid_200,C([C@@H]1[C@H]([C@@H]([C@H]([C@H](O1)O[C@@H]2[C@H](O[C@H]([C@@H]([C@H]2O)O)O)CO)O)O)O)O
cid_201,C([C@@H]1[C@H]([C@H]([C@H](O1)OP(=O)(O)OP(=O)(O)O)O)O)OP(=O)(O)O
cid_202,C([C@H](C([C@H](CO)O)O)O)O
cid_203,C([C@H](C=O)O)OP(=O)(O)O
cid_204,C([C@H](CS)O)O
cid_205,C([C@H]([C@@H](CS)O)O)S
cid_206,C([C@H]([C@@H]([C@@H]([C@H](CO)O)O)O)O)O
cid_207,C([C@H]([C@@H]1C(=O)C(=C(O1)O)O)O)O
cid_208,C([C@H]([C@H]([C@@H]([C@H](C(=O)[O-])O)O)O)O)O
cid_209,C([C@H]([C@H]([C@@H]([C@H](CO)O)O)O)O)O
cid_210,C/C=C(/C(=O)O)\NC
cid_211,C/C=C(\C)/CC/C=C(\C)/CC/C=C(\C)/CCC=C(C)C
cid_212,C/C=C(\C)/CC/C=C(\C)/CCC=C(C)C
cid_213,C/C=C/C=O
cid_214,C1(=C(C(=C(C(=C1Br)Br)Br)Br)Br)O
cid_215,C1(=C(C(=C(C(=C1Cl)Cl)Cl)Cl)Cl)Cl
cid_216,C1(=C(C2=NNN=C2C(=C1Br)Br)Br)Br
cid_217,C1(=NONC1=O)C(=O)O
cid_218,C1(=O)C2(C3(C4(C1(C5(C2(C3(C(C45Cl)(Cl)Cl)Cl)Cl)Cl)Cl)Cl)Cl)Cl
cid_219,C1(C(C(C(=O)C(C1O)O)O)O)O
cid_220,C1(C(C(C(C(C1O)O)O)O)O)O
cid_221,C1(C(C(C(C(C1OP(=O)(O)O)O)OP(=O)(O)O)OP(=O)(O)O)O)O
cid_222,C1(C(C(C(C(C1OP(=O)(O)O)OP(=O)(O)O)O)OP(=O)(O)O)OP(=O)(O)O)O
cid_223,C1(C(C(C(C(C1OP(=O)(O)O)OP(=O)(O)O)OP(=O)(O)O)OP(=O)(O)O)OP(=O)(O)O)O
cid_224,C12=C(NC(=O)N1)NC(=O)NC2=O
cid_225,C1=C(C(=C(C(=C1Cl)Cl)CC2=C(C(=CC(=C2Cl)Cl)Cl)O)O)Cl
cid_226,C1=C(C(=CC(=C1Cl)Cl)Cl)OCC#CI
cid_227,C1=C(C(=CC(=C1Cl)O)Cl)O
cid_228,C1=C(C(=CC2=NC(=O)C(=O)N=C21)[N+](=O)[O-])[N+](=O)[O-]
cid_229,C1=C(C(=NC(=O)N1[C@H]2[C@@H]([C@@H]([C@H](O2)CO)O)O)N)F
cid_230,C1=C(C(=O)NC(=O)N1)C2C(C(C(O2)COP(=O)(O)O)O)O
cid_231,C1=C(C(=O)NC(=O)N1)F
cid_232,C1=C(C(=O)NC(=O)N1)I
cid_233,C1=C(C(=O)NC(=O)N1C2C(C(C(O2)CO)O)O)F
cid_234,C1=C(C(=O)NC(=O)N1C[C@@H](C(=O)O)N)Br
cid_235,C1=C(C(=O)NC(=O)N1C[C@@H](C(=O)O)N)F
cid_236,C1=C(C(=O)NC(=O)N1C[C@@H](C(=O)O)N)I
cid_237,C1=C(C(=O)NC(=O)N1[C@H]2[C@@H]([C@@H]([C@H](O2)CO)O)O)F
cid_238,C1=C(C(=O)NO1)C(=O)O
cid_239,C1=C(C(=O)NO1)C[C@@H](C(=O)O)N
cid_240,C1=C(C2=C(N1)C(=O)N=CN2)C3C(C(C(N3)CO)O)O
cid_241,C1=C(C2=C(N1)C(=O)N=CN2)C3C(C(C(O3)CO)O)O
cid_242,C1=C(C=C(C(=C1Br)O)Br)Br
cid_243,C1=C(C=C(C(=C1Cl)O)Cl)C2=CC(=C(C(=C2)Cl)O)Cl
cid_244,C1=C(C=C(C(=C1Cl)O)SC2=CC(=CC(=C2O)Cl)Cl)Cl
cid_245,C1=C(C=C(C(=C1I)I)C(=O)O)I
cid_246,C1=C(C=C(C(=C1I)O)C(=O)O)I
cid_247,C1=C(C=C(C(=C1I)O)I)C[C@@H](C(=O)O)N
cid_248,C1=C(C=C(C(=C1I)O)I)[N+](=O)[O-]
cid_249,C1=C(C=C(C(=C1I)OC2=CC(=C(C(=C2)I)O)I)I)CC(=O)O
cid_250,C1=C(C=C(C(=C1I)OC2=CC(=C(C(=C2)I)O)I)I)CC(C(=O)O)N
cid_251,C1=C(C=C(C(=C1I)OC2=CC(=C(C(=C2)I)O)I)I)C[C@@H](C(=O)O)N
cid_252,C1=C(C=C(C(=C1O)O)O)C(=O)O
cid_253,C1=C(C=C(C(=C1O)O)O)C2=C(C(=O)C3=C(C=C(C=C3O2)O)O)O
cid_254,C1=C(C=C(C(=C1O)O)O)C2=CC(=O)C3=C(C=C(C=C3O2)O)O
cid_255,C1=C(C=C(C(=C1[N+](=O)[O-])Cl)[N+](=O)[O-])[N+](=O)[O-]
cid_256,C1=C(C=C(C(=C1[N+](=O)[O-])O)[N+](=O)[O-])[N+](=O)[O-]
cid_257,C1=C(C=C(C=C1[N+](=O)[O-])[N+](=O)[O-])[N+](=O)[O-]
cid_258,C1=C(C=C2C(=C1Cl)C(=C(N2)C(=O)O)CCC(=O)O)Cl
cid_259,C1=C(C=C2C(=C1O)C(=O)/C(=C/C3=CC(=C(C(=C3O)Br)O)Br)/O2)O
cid_260,C1=C(N=C2C(=N1)NC(=NC2=O)N)C(C(CO)O)O
cid_261,C1=C(NC(=O)N=C1)N
cid_262,C1=C(NC(=O)NC1=O)C(=O)O
cid_263,C1=C(NC(=O)NC1=O)CC(=O)O
cid_264,C1=C(NC=N1)CC(CO)N
cid_265,C1=C(NC=N1)C[C@@H](C(=O)O)N
cid_266,C1=C(ONC1=O)C(C(=O)O)N
cid_267,C1=C2C(=CC(=C1Cl)Cl)N(C=N2)[C@H]3[C@@H]([C@@H]([C@H](O3)CO)O)O
cid_268,C1=C2C(=CC(=C1Cl)S(=O)(=O)N)S(=O)(=O)N[C@@H](N2)C(Cl)Cl
cid_269,C1=C2C(=NC=N1)N=CN2
cid_270,C1=C2C3=C(C(=C1O)O)OC(=O)C4=CC(=C(C(=C43)OC2=O)O)O
cid_271,C1=CC(=C(C(=C1)Cl)C2=C3C=CC(=NN3C=NC2=O)SC4=C(C=C(C=C4)F)F)Cl
cid_272,C1=CC(=C(C(=C1)Cl)CC(=O)N=C(N)N)Cl
cid_273,C1=CC(=C(C(=C1)Cl)Cl)C2=NC3=C(C=NN3C(=C2)NCC4=CC=NC=C4)SC#N
cid_274,C1=CC(=C(C(=C1)Cl)O)Cl
cid_275,C1=CC(=C(C(=C1)F)C2=CC=C(C=C2)C(=O)O)F
cid_276,C1=CC(=C(C(=C1)F)NC(=S)N2C(=NC(=N2)NC3=CC=C(C=C3)S(=O)(=O)N)N)F
cid_277,C1=CC(=C(C(=C1)O)N)C(=O)O
cid_278,C1=CC(=C(C(=C1Cl)C(=O)O)Cl)Cl
cid_279,C1=CC(=C(C2=C1C(=O)C3=C(C=CC(=C3C2=O)O)O)O)O
cid_280,C1=CC(=C(C=C1/C=C/C2=CC(=CC(=C2)O)O)O)O
cid_281,C1=CC(=C(C=C1C(=O)O)O)O
cid_282,C1=CC(=C(C=C1C(F)(F)F)N=C(N)N=C(N)N)Cl
cid_283,C1=CC(=C(C=C1C2=C(C(=O)C3=C(C=C(C=C3O2)O)O)O)O)O
cid_284,C1=CC(=C(C=C1C2=C(C(=O)C3=C(O2)C=C(C=C3)O)O)O)O
cid_285,C1=CC(=C(C=C1C2=C(C=C(C=C2)F)F)C(=O)O)O
cid_286,C1=CC(=C(C=C1C2=CC=C(O2)/C=C\3/C(=O)N=C(S3)N)C(F)(F)F)S(=O)(=O)N
cid_287,C1=CC(=C(C=C1C=C(C#N)C#N)O)O
cid_288,C1=CC(=C(C=C1CC(C(=O)O)N)O)O
cid_289,C1=CC(=C(C=C1CCN)O)O
cid_290,C1=CC(=C(C=C1CNC2=NC3=C(N2[C@H]4[C@@H]([C@@H]([C@H](O4)CO)O)O)N=CN=C3N)Cl)Cl
cid_291,C1=CC(=C(C=C1C[C@@H](C(=O)O)N)F)O
cid_292,C1=CC(=C(C=C1C[C@@H](C(=O)O)N)I)O
cid_293,C1=CC(=C(C=C1C[C@@H](C(=O)O)N)O)O
cid_294,C1=CC(=C(C=C1C[C@@H](C(=O)O)N)[N+](=O)[O-])O
cid_295,C1=CC(=C(C=C1Cl)Cl)Cl
cid_296,C1=CC(=C(C=C1Cl)O)OC2=C(C=C(C=C2)Cl)Cl
cid_297,C1=CC(=C(C=C1F)F)C(CN2C=NC=N2)(CN3C=NC=N3)O
cid_298,C1=CC(=C(C=C1I)Cl)NC2=C(C=CC(=C2F)F)C(=O)NOC[C@@H](CO)O
cid_299,C1=CC(=C(C=C1I)F)NC2=C(C=CC(=C2F)F)C(=O)NOC[C@@H](CO)O
cid_300,C1=CC(=C(C=C1I)F)NC2=C(C=CC(=C2F)F)C3=NN=C(O3)NCCN
cid_301,C1=CC(=C(C=C1N)C(=O)O)O
cid_302,C1=CC(=C(C=C1N)O)C(=O)O
cid_303,C1=CC(=C(C=C1O)O)C(=O)O
cid_304,C1=CC(=C(C=C1O)O)C2=C3C=CC(=O)C=C3NN2
cid_305,C1=CC(=C(C=C1OCCCC(=O)O)Cl)NC(=O)NC(=O)C2=C(C=C(C=C2)Cl)Cl
cid_306,C1=CC(=C(C=C1S)C(=O)O)[N+](=O)[O-]
cid_307,C1=CC(=C(C=C1[C@@H](CN)O)O)O
cid_308,C1=CC(=C(C=C1[C@H](CN)O)O)O
cid_309,C1=CC(=C(C=C1[N+](=O)[O-])OS(=O)(=O)O)O
cid_310,C1=CC(=C(C=C1[N+](=O)[O-])[N+](=O)[O-])Cl
cid_311,C1=CC(=C(C=C1[N+](=O)[O-])[N+](=O)[O-])F
cid_312,C1=CC(=C(C=C1[N+](=O)[O-])[N+](=O)[O-])O
cid_313,C1=CC(=C(N=C1)C(=O)O)C(=O)O
cid_314,C1=CC(=CC(=C1)Br)C2=CC(=[N+]3C(=N2)C=CN3)NCC4=CC=NC=C4
cid_315,C1=CC(=CC(=C1)C#N)C#N
cid_316,C1=CC(=CC(=C1)C(=O)O)/C=N/OCCO/N=C/C2=CC(=O)NC(=O)N2
cid_317,C1=CC(=CC(=C1)C(=O)O)C(=O)O
cid_318,C1=CC(=CC(=C1)Cl)C(=O)O
cid_319,C1=CC(=CC(=C1)Cl)C\2=CNN/C2=C/3\C=C(N=C3)C(=O)N[C@H](CO)C4=CC(=C(C=C4)F)Cl
cid_320,C1=CC(=CC(=C1)N)C(=O)O
cid_321,C1=CC(=CC(=C1)O)C2=CC(=O)NS2(=O)=O
cid_322,C1=CC(=CC(=C1)O)CO
cid_323,C1=CC(=CC(=C1)OC(F)(F)F)C2=CC(=C(C(=C2)F)NC(=O)C3=C(SC=C3)C(=O)O)F
cid_324,C1=CC(=CC(=C1)OC[C@H](CO)O)C(=O)C2=C(N(N=C2)C3=CC=C(C=C3)F)N
cid_325,C1=CC(=CC(=C1)[N+](=O)[O-])C(=O)NC2=CC(=C(C=C2)OC3=CC(=C(C=C3)C(=O)O)C(=O)O)NC(=O)C4=CC(=CC=C4)[N+](=O)[O-]
cid_326,C1=CC(=CC(=C1)[N+](=O)[O-])N
cid_327,C1=CC(=CC(=C1)[N+](=O)[O-])[N+](=O)[O-]
cid_328,C1=CC(=CC2=C1C=CC(=C2)C(F)(F)P(=O)(O)O)C(F)(F)P(=O)(O)O
cid_329,C1=CC(=CC2=NC3=C(C=CC(=C3)N)C=C21)N
cid_330,C1=CC(=CC=C1/C=C/C2=CC(=CC(=C2)O)O)O
cid_331,C1=CC(=CC=C1C#N)C2=CC=C(C=C2)OCCC(=O)NO
cid_332,C1=CC(=CC=C1C(=N)N)OCCCCCOC2=CC=C(C=C2)C(=N)N
cid_333,C1=CC(=CC=C1C(=O)NC(CCC(=O)O)C(=O)O)NCC2=CN=C3C(=N2)C(=NC(=N3)N)N
cid_334,C1=CC(=CC=C1C(=O)N[C@@H](CCC(=O)O)C(=O)O)NCC2=CN=C3C(=N2)C(=O)N=C(N3)N
cid_335,C1=CC(=CC=C1C(=O)O)Cl
cid_336,C1=CC(=CC=C1C(=O)O)F
cid_337,C1=CC(=CC=C1C(=O)O)N
cid_338,C1=CC(=CC=C1C(=O)O)N=C(N)N
cid_339,C1=CC(=CC=C1C(=O)O)O
cid_340,C1=CC(=CC=C1C(=O)O)[Hg]
cid_341,C1=CC(=CC=C1C(C(=O)O)O)O
cid_342,C1=CC(=CC=C1C(C(F)(F)F)(C(F)(F)F)O)NCC(F)(F)F
cid_343,C1=CC(=CC=C1C(C2=CC=C(C=C2)Cl)C(Cl)(Cl)Cl)Cl
cid_344,C1=CC(=CC=C1C(CN)O)O
cid_345,C1=CC(=CC=C1C2=C(C(=O)C3=C(C=C(C=C3O2)O)O)O)O
cid_346,C1=CC(=CC=C1C2=C(C=NN2)C3=CC=NC=C3)F
cid_347,C1=CC(=CC=C1C2=C(NN=C2)C3=CC(=NC=C3)F)F
cid_348,C1=CC(=CC=C1C2=CC(=O)C3=C(C=C(C=C3O2)O)O)O
cid_349,C1=CC(=CC=C1C2=CC3=C(C=C2)C(=C(C=C3)O)Cl)O
cid_350,C1=CC(=CC=C1C2=CC=C(O2)/C=C\3/C(=O)N=C(S3)N)C(=O)O
cid_351,C1=CC(=CC=C1C2=COC3=C(C2=O)C=CC(=C3)O[C@H]4[C@@H]([C@H]([C@@H]([C@H](O4)CO)O)O)O)O
cid_352,C1=CC(=CC=C1C2=COC3=CC(=CC(=C3C2=O)O)O)O
cid_353,C1=CC(=CC=C1C=O)O
cid_354,C1=CC(=CC=C1C=O)[N+](=O)[O-]
cid_355,C1=CC(=CC=C1CC(C(=O)O)N)Cl
cid_356,C1=CC(=CC=C1CC(C(=O)O)N)O
cid_357,C1=CC(=CC=C1CC2=CC=C(C=C2)OP(=O)(O)O)OP(=O)(O)O
cid_358,C1=CC(=CC=C1CCCC(=O)O)N(CCCl)CCCl
cid_359,C1=CC(=CC=C1CCN)O
cid_360,C1=CC(=CC=C1CCN)S(=O)(=O)F
cid_361,C1=CC(=CC=C1CCNC2=NC=NC3=C2N=CN3C4C(C(C(O4)CO)O)O)N
cid_362,C1=CC(=CC=C1CN)NC(=O)C(=O)O
cid_363,C1=CC(=CC=C1CO)O
cid_364,C1=CC(=CC=C1CP(=O)(C[C@@H](CCC(=O)O)C(=O)O)O)I
cid_365,C1=CC(=CC=C1CSC2=NC=NC3=C2N=CN3C4C(C(C(O4)CO)O)O)[N+](=O)[O-]
cid_366,C1=CC(=CC=C1CSC[C@@H](C(=O)O)NC(=O)N[C@@H](CCC(=O)O)C(=O)O)F
cid_367,C1=CC(=CC=C1C[C@@H](C(=O)N)N)O
cid_368,C1=CC(=CC=C1C[C@@H](C(=O)O)N)I
cid_369,C1=CC(=CC=C1C[C@@H](C(=O)O)N)O
cid_370,C1=CC(=CC=C1C[C@@H](C(=O)O)N)OP(=O)(O)O
cid_371,C1=CC(=CC=C1Cl)Cl
cid_372,C1=CC(=CC=C1N)Cl
cid_373,C1=CC(=CC=C1N)O
cid_374,C1=CC(=CC=C1NC2=NC=NC(=C2)N)S(=O)(=O)N
cid_375,C1=CC(=CC=C1OCC(CO)O)Cl
cid_376,C1=CC(=CC=C1[C@H](CN=[N+]=[N-])O)[N+](=O)[O-]
cid_377,C1=CC(=CC=C1[C@H](CO)O)NC(=O)C2=CC3=C(N2)C=CC(=C3)Cl
cid_378,C1=CC(=CC=C1[N+](=O)[O-])O
cid_379,C1=CC(=CC=C1[N+](=O)[O-])OP(=O)(O)O
cid_380,C1=CC(=CN=C1)C(=O)N
cid_381,C1=CC(=CN=C1)CC(O)(P(=O)(O)O)P(=O)(O)O
cid_382,C1=CC(=C[N+](=C1)C2C(C(C(O2)COP(=O)(O)OP(=O)(O)OCC3C(C(C(O3)N4C=NC5=C4N=CN=C5N)OP(=O)(O)O)O)O)O)C(=O)N
cid_383,C1=CC(=C[N+](=C1)[C@H]2[C@@H]([C@@H]([C@H](O2)COP(=O)([O-])OP(=O)(O)OC[C@@H]3[C@H]([C@H]([C@@H](O3)N4C=NC5=C4N=CN=C5N)O)O)O)O)C(=O)N
cid_384,C1=CC(=NC=C1Cl)NC(P(=O)(O)O)P(=O)(O)O
cid_385,C1=CC(=O)OC1=O
cid_386,C1=CC2=C(/C(=C/3\C4=C(C=C(C=C4)Br)NC3=O)/N=C2C=C1)NO
cid_387,C1=CC2=C(C(=C(C=C2Cl)I)O)N=C1
cid_388,C1=CC2=C(C(=C(N2O)C3=CC=NC=C3)C4=CC=C(C=C4)F)N=C1
cid_389,C1=CC2=C(C(=C1)C(=O)O)OC3=C2C=CC=C3C(=O)O
cid_390,C1=CC2=C(C(=C1)O)N=CC=C2
cid_391,C1=CC2=C(C(=C1)OCC(COC3=CC=CC4=C3C(=O)C=C(O4)C(=O)[O-])O)C(=O)C=C(O2)C(=O)[O-]
cid_392,C1=CC2=C(C(=O)N=C2C=C1)NC3=CC=C(C=C3)O
cid_393,C1=CC2=C(C=C1C(=[NH2+])N)NC(=N2)C(=O)C3=NC4=C(N3)C=C(C=C4)C(=[NH2+])N
cid_394,C1=CC2=C(C=C1Cl)C=C(N2)C(=O)NCCOCCOCCNC(=O)C3=CC4=C(N3)C=CC(=C4)Cl
cid_395,C1=CC2=C(C=C1Cl)N(C(=O)N(C2=O)CC3=C(C=C(C=C3)Br)F)CC(=O)O
cid_396,C1=CC2=C(C=C1F)C(=CN2)CC(C(=O)O)N
cid_397,C1=CC2=C(C=C1O)C(=CN2)CC(=O)O
cid_398,C1=CC2=C(C=C1O)C(=CN2)CC(C(=O)O)N
cid_399,C1=CC2=C(C=CC(=C2)C(=O)O)C=C1C(=O)O
cid_400,C1=CC2=C(C=CC(=C2)C(F)(F)P(=O)(O)O)C=C1C(=O)N[C@@H](CCC(=O)O)C(=O)N
cid_401,C1=CC2=C(C=CC3=C2C(=C1)C(=O)NC3=O)N
cid_402,C1=CC2=C(C=CC=C2S(=O)(=O)N)C(=C1)O
cid_403,C1=CC2=C(C=CN=C2)C(=C1)S(=O)(=O)NCCNC/C=C/C3=CC=C(C=C3)Br
cid_404,C1=CC2=C(C=CN=C2)C(=C1)S(=O)(=O)NCCNCCOCC3=CC=C(C=C3)Cl
cid_405,C1=CC2=C(NOC2=CC1=O)C3=CC(=C(C=C3O)O)Br
cid_406,C1=CC2=NC=CN=C2C=C1/C=C\3/C(=O)NC(=O)S3
cid_407,C1=CC=C(C(=C1)/C=N/OCCC(=O)O)C(F)(F)F
cid_408,C1=CC=C(C(=C1)C(=O)CCC(=O)O)N
cid_409,C1=CC=C(C(=C1)C(=O)N)NC2=NC(=NC=C2)NC3=CC(=CC=C3)O
cid_410,C1=CC=C(C(=C1)C(=O)O)C(=O)O
cid_411,C1=CC=C(C(=C1)C(=O)O)N
cid_412,C1=CC=C(C(=C1)C(=O)O)N(C2=CC=CC3=C2C=C(C=C3)O)C(=O)C(=O)O
cid_413,C1=CC=C(C(=C1)C(=O)O)NC(=O)C(=O)O
cid_414,C1=CC=C(C(=C1)C(=O)O)NC2=CC=CC(=C2)C(F)(F)F
cid_415,C1=CC=C(C(=C1)C(=O)O)NC2=CC=CC=C2C(F)(F)F
cid_416,C1=CC=C(C(=C1)C(=O)O)O
cid_417,C1=CC=C(C(=C1)C(F)(F)F)S(=O)(=O)NNC(=O)C2=CC3=C(O2)C=CC(=C3)Cl
cid_418,C1=CC=C(C(=C1)C2=CN3C=CN=C3C(=N2)NCC4=CN=CC=C4)F
cid_419,C1=CC=C(C(=C1)C=O)C=O
cid_420,C1=CC=C(C(=C1)N)[N+](=O)[O-]
cid_421,C1=CC=C(C(=C1)NC(=O)C2=CC(=CC=C2)[N+](=O)[O-])OC3=CC(=C(C=C3)C(=O)O)C(=O)O
cid_422,C1=CC=C(C(=C1)O)Cl
cid_423,C1=CC=C(C(=C1)O)F
cid_424,C1=CC=C(C=C1)C(=O)C(=O)O
cid_425,C1=CC=C(C=C1)C(=O)NC2=NNC3=C2C=C(C=C3)NC(=O)[C@@H](CCN)C4=CC(=CC=C4)Cl
cid_426,C1=CC=C(C=C1)C(=O)[O-]
cid_427,C1=CC=C(C=C1)C(C(=O)O)N
cid_428,C1=CC=C(C=C1)C(C(=O)O)O
cid_429,C1=CC=C(C=C1)C(CCN)OC2=CC=C(C=C2)C(F)(F)F
cid_430,C1=CC=C(C=C1)C2(C(=O)NC(=O)N2)C3=CC=CC=C3
cid_431,C1=CC=C(C=C1)C2=C(OC3=NC=NC(=C23)NCCO)C4=CC=CC=C4
cid_432,C1=CC=C(C=C1)C2=CC(=O)C3=C(O2)C4=CC=CC=C4C=C3
cid_433,C1=CC=C(C=C1)C2=CC(=O)C3=C(O2)C=CC4=CC=CC=C43
cid_434,C1=CC=C(C=C1)C2=CC3=C(C=NN3C(=C2)NCC4=CN=CN=C4)Br
cid_435,C1=CC=C(C=C1)C2=CC=C(C=C2)C3=CC(=CC(=C3)C(=O)O)C(=O)N
cid_436,C1=CC=C(C=C1)C2=CC=C(C=C2)CC(=O)O
cid_437,C1=CC=C(C=C1)C2=CC=CC=C2CN
cid_438,C1=CC=C(C=C1)C2=CN3C(=CN=C3C(=C2)NCC4=CN=CN=C4)Br
cid_439,C1=CC=C(C=C1)C2=NC3=C(C=NN3C(=C2)NCC4=CC=NC=C4)Br
cid_440,C1=CC=C(C=C1)C2=NC3=C(C=NN3C(=C2)NCC4=CN=CC=C4)CO
cid_441,C1=CC=C(C=C1)C=O
cid_442,C1=CC=C(C=C1)CC(=O)C(=O)O
cid_443,C1=CC=C(C=C1)CC(=O)N
cid_444,C1=CC=C(C=C1)CC(C(=O)O)N
cid_445,C1=CC=C(C=C1)CCC(=O)NC2=CC3=C(C=C2)C=CN3CC[C@H](CO)N4C=C(N=C4)C(=O)N
cid_446,C1=CC=C(C=C1)CCC(=O)O
cid_447,C1=CC=C(C=C1)CCCCOCCCCCCNCC(C2=CC(=C(C=C2)O)CO)O
cid_448,C1=CC=C(C=C1)CCNN
cid_449,C1=CC=C(C=C1)CN
cid_450,C1=CC=C(C=C1)CN2C=CN=C2
cid_451,C1=CC=C(C=C1)CNC(=O)NC2=CC3=C(C=C2)C=CN3CC[C@H](CO)N4C=C(N=C4)C(=O)N
cid_452,C1=CC=C(C=C1)CO
cid_453,C1=CC=C(C=C1)COC(=O)C2=CC=CC=C2
cid_454,C1=CC=C(C=C1)COC2=C(N=CC=C2)N
cid_455,C1=CC=C(C=C1)COC=O
cid_456,C1=CC=C(C=C1)CS(=O)(=O)OC[C@@H](C(=O)O)N
cid_457,C1=CC=C(C=C1)C[C@@H](C(=O)O)N
cid_458,C1=CC=C(C=C1)C[C@H](C(=O)O)NC(=O)C(=O)O
cid_459,C1=CC=C(C=C1)NC(=O)C2=C(C=CC(=C2)[N+](=O)[O-])Cl
cid_460,C1=CC=C(C=C1)NC(=O)CCCCCCC(=O)NO
cid_461,C1=CC=C(C=C1)NC2=CC=CC3=C2C(=CC=C3)S(=O)(=O)O
cid_462,C1=CC=C(C=C1)O
cid_463,C1=CC=C(C=C1)OC2=CC=C(C=C2)C(=O)NCC3=CC=CC=N3
cid_464,C1=CC=C(C=C1)S(=O)(=O)N(CC(F)(F)F)C2=CC=C(C=C2)C(C(F)(F)F)(C(F)(F)F)O
cid_465,C1=CC=C(C=C1)SC2=CC=CC3=C2C(=NC(=N3)N)N
cid_466,C1=CC=C(C=C1)[C@@H](CC2=CC(=C(C=C2)C(F)(F)P(=O)(O)O)Br)C(=O)C3=CC=CC=C3
cid_467,C1=CC=C(C=C1)[C@@H](CN)NC(=O)C2=CC=C(S2)C3=C4C=CNC4=NC=C3
cid_468,C1=CC=C2C(=C1)C(=C(N2)C3=C4C=CC=CC4=NC3=O)NO
cid_469,C1=CC=C2C(=C1)C(=C(N2)O)C[C@@H](C(=O)O)N
cid_470,C1=CC=C2C(=C1)C(=C3C=CC=CC3=N2)N
cid_471,C1=CC=C2C(=C1)C(=C3N2C4=CC=CC=C4C(=O)N3)CC(=O)O
cid_472,C1=CC=C2C(=C1)C(=CC=N2)C3=C(NN=C3)C4=CC=CC=N4
cid_473,C1=CC=C2C(=C1)C(=CC=[N+]2[O-])[N+](=O)[O-]
cid_474,C1=CC=C2C(=C1)C(=CN2)C(C(COP(=O)(O)O)O)O
cid_475,C1=CC=C2C(=C1)C(=CN2)CC(=O)N
cid_476,C1=CC=C2C(=C1)C(=CN2)CC(C(=O)O)N
cid_477,C1=CC=C2C(=C1)C(=CN2)CCC(=O)O
cid_478,C1=CC=C2C(=C1)C(=CN2)CCN
cid_479,C1=CC=C2C(=C1)C(=CN2)C[C@@H](C(=O)N)N
cid_480,C1=CC=C2C(=C1)C(=CN2)C[C@@H](C(=O)O)N
cid_481,C1=CC=C2C(=C1)C(=CN2)C[C@@H](C(=O)OP(=O)(O)OC[C@@H]3[C@H]([C@H]([C@@H](O3)N4C=NC5=C4N=CN=C5N)O)O)N
cid_482,C1=CC=C2C(=C1)C(=NN2)C(=O)NC3=CC=C(C=C3)S(=O)(=O)N
cid_483,C1=CC=C2C(=C1)C(=O)/C(=C/3\C4=C(C=CC(=C4)Br)NC3=O)/N2
cid_484,C1=CC=C2C(=C1)C(=O)/C(=C/3\C4=C(C=CC(=C4)S(=O)(=O)O)NC3=O)/N2
cid_485,C1=CC=C2C(=C1)C(=O)C(=C(O2)O)CC3=C(OC4=CC=CC=C4C3=O)O
cid_486,C1=CC=C2C(=C1)C(=O)C=C(O2)C3=CC=C(C=C3)Br
cid_487,C1=CC=C2C(=C1)C(=O)C=C(O2)O
cid_488,C1=CC=C2C(=C1)C3=C(C4=CC=CC=C4C3=O)N(C2=O)CCCC(=O)O
cid_489,C1=CC=C2C(=C1)C3=CC=CC=C3C4=CC=CC=C24
cid_490,C1=CC=C2C(=C1)C3=CC=CC=C3N2
cid_491,C1=CC=C2C(=C1)C3=NNC4=CC=CC(=C43)C2=O
cid_492,C1=CC=C2C(=C1)C=C3C=CC=CC3=N2
cid_493,C1=CC=C2C(=C1)C=CC(=C2O)C(=O)O
cid_494,C1=CC=C2C(=C1)C=CC(=N2)COC3=CC=C(C=C3)C4=C(C=NN4)C5=CC=NC=C5
cid_495,C1=CC=C2C(=C1)C=CC(=O)O2
cid_496,C1=CC=C2C(=C1)C=CC3=CC4=CC=CC=C4C=C32
cid_497,C1=CC=C2C(=C1)C=CC=C2CC(=O)O
cid_498,C1=CC=C2C(=C1)C=CC=C2COC3=C(N=CC=C3)N
cid_499,C1=CC=C2C(=C1)C=CC=C2N
cid_500,C1=CC=C2C(=C1)C=CC=C2NC(=O)CF
cid_501,C1=CC=C2C(=C1)C=CC=N2
cid_502,C1=CC=C2C(=C1)C=CN2
cid_503,C1=CC=C2C(=C1)C=NC3=CC=CC=C23
cid_504,C1=CC=C2C(=C1)N=C(S2)[C@H](C#N)C3=NC(=NC=C3)NCCC4=CN=CC=C4
cid_505,C1=CC=C2C(=C1)NC(=N2)NCC3=CC=C(S3)C4=CSC(=N4)N=C(N)N
cid_506,C1=CC=C2C(=C1)NC=N2
cid_507,C1=CC=C2C(=C1)OC3=CC=CC=C3O2
cid_508,C1=CC=C2C=C(C(=CC2=C1)C(=O)O)O
cid_509,C1=CC=C2C=C(C=CC2=C1)C3=CN=C4C(=C3)C(=CN4)C5=CC=C(C=C5)CC(=O)O
cid_510,C1=CC=C2C=C(C=CC2=C1)C[C@@H](C(=O)O)N
cid_511,C1=CC=C2C=C3C=C4C=C5C=CC=CC5=CC4=CC3=CC2=C1
cid_512,C1=CC=C2C=CC=CC2=C1
cid_513,C1=CC=NC(=C1)C2=CC=CC=N2
cid_514,C1=CC=NC(=C1)NS(=O)(=O)C2=CC=C(C=C2)N
cid_515,C1=CN(C(=O)N=C1N)C2C(C(C(O2)COP(=O)(O)OP(=O)(O)OC3C(C(C(C(O3)CO)O)O)O)O)O
cid_516,C1=CN(C(=O)N=C1N)[C@H]2[C@H]([C@@H]([C@H](O2)CO)O)O
cid_517,C1=CN(C(=O)NC1=O)C2C(C(C(O2)CO)O)O
cid_518,C1=CN(C(=O)NC1=O)C2C(C(C(O2)COP(=O)(O)O)O)O
cid_519,C1=CN(C(=O)NC1=O)C[C@@H](C(=O)O)N
cid_520,C1=CN(C(=O)NC1=O)[C@H]2[C@@H]([C@@H]([C@H](O2)COP(=O)(O)O)O)O
cid_521,C1=CN(C(=O)NC1=O)[C@H]2[C@@H]([C@@H]([C@H](O2)COP(=O)(O)OP(=O)(O)O)O)O
cid_522,C1=CN(C(=O)NC1=O)[C@H]2[C@@H]([C@@H]([C@H](O2)COP(=O)(O)OP(=O)(O)OP(=O)(O)O)O)O
cid_523,C1=CN(C(=O)NC1=O)[C@H]2[C@@H]([C@@H]([C@H](O2)COP(=O)(O)OP(=O)(O)O[C@@H]3[C@@H]([C@H]([C@@H]([C@H](O3)CO)O)O)O)O)O
cid_524,C1=CN(C2=C1C(=NC=N2)N)[C@H]3[C@@H]([C@@H]([C@H](O3)CO)O)O
cid_525,C1=CN(C=C1)C(=O)C2=C(C=C(C=C2O)O)O
cid_526,C1=CN=C(N=C1)[NH2+]S(=[OH+])(=O)C2=CC=C(C=C2)N
cid_527,C1=CN=C2C(=N1)C=NC=N2
cid_528,C1=CNC(=O)NC1=O
cid_529,C1=CNC2=CC(=C(C=C21)C(=O)O)NC(=O)C(=O)O
cid_530,C1=CSC(=C1)C(=O)CC(=O)C(F)(F)F
cid_531,C1=CSC(=C1)C[C@@H](C(=O)O)N
cid_532,C1=NC(=O)C2=C(N1)N(C=N2)C3C(C(C(O3)COP(=O)(O)O)O)O
cid_533,C1=NC(=O)C2=C(N1)N(C=N2)[C@H]3[C@@H]([C@@H]([C@H](O3)COP(=O)(O)OP(=O)(O)OP(=O)(O)O)O)O
cid_534,C1=NC2=C(C(=N1)N)N=CN2C3C(C(C(O3)CO)O)O
cid_535,C1=NC2=C(C(=N1)N)N=CN2C3C(C(C(O3)COP(=O)(CP(=O)(O)O)O)O)O
cid_536,C1=NC2=C(C(=N1)N)N=CN2C3C(C(C(O3)COP(=O)(O)O)O)O
cid_537,C1=NC2=C(C(=N1)N)N=CN2C3C(C(C(O3)COP(=O)(O)OC(=O)C(CO)N)O)O
cid_538,C1=NC2=C(C(=N1)N)N=CN2C3C(C(C(O3)COP(=O)(O)OP(=O)(CP(=O)(O)O)O)O)O
cid_539,C1=NC2=C(C(=N1)N)N=CN2C3C(C(C(O3)COP(=O)(O)OP(=O)(O)O)O)O
cid_540,C1=NC2=C(C(=N1)N)N=CN2C3C(C(C(O3)COP(=O)(O)OP(=O)(O)OCC4C(C(C(O4)O)O)O)O)O
cid_541,C1=NC2=C(C(=N1)N)N=CN2C3C(C(C(O3)COP(=O)(O)OP(=O)(O)OP(=O)(O)O)O)O
cid_542,C1=NC2=C(C(=N1)N)N=CN2[C@H]3[C@@H]([C@@H]([C@H](O3)CO)O)O
cid_543,C1=NC2=C(C(=N1)N)N=CN2[C@H]3[C@@H]([C@@H]([C@H](O3)COP(=O)(O)O)O)O
cid_544,C1=NC2=C(C(=N1)N)N=CN2[C@H]3[C@@H]([C@@H]([C@H](O3)COP(=O)(O)OP(=O)(O)OC[C@@H]4[C@H]([C@H]([C@H](O4)O)O)O)O)O
cid_545,C1=NC2=C(C(=N1)N)N=CN2[C@H]3[C@@H]([C@@H]([C@H](O3)COP(=O)(O)OP(=O)(O)OP(=O)(O)O)O)O
cid_546,C1=NC2=C(C(=N1)N)N=CN2[C@H]3[C@@H]([C@@H]([C@H](O3)COP(=O)(O)OP(=O)(O)OP(=O)(O)OP(=O)(O)O)O)O
cid_547,C1=NC2=C(C(=N1)N)N=CN2[C@H]3[C@@H]([C@@H]([C@H](O3)CSCCC(C(=O)O)N)O)O
cid_548,C1=NC2=C(C(=N1)N[C@@H](CC(=O)O)C(=O)O)N=CN2[C@H]3[C@@H]([C@@H]([C@H](O3)COP(=O)(O)O)O)O
cid_549,C1=NC2=C(N1)C(=NC=N2)N
cid_550,C1=NC2=C(N1)C(=O)N=C(N2)N
cid_551,C1=NC2=C(N1)C(=O)NC(=O)N2
cid_552,C1=NC2=C(N1C3C(C(C(O3)CO)O)O)NC(=NC2=O)N
cid_553,C1=NC2=C(N1C3C(C(C(O3)COP(=O)(O)OP(=O)(O)OC4C(C(C(C(O4)CO)O)O)O)O)O)NC(=NC2=O)N
cid_554,C1=NC2=C(N1COC(CO)CO)NC(=NC2=O)N
cid_555,C1=NC2=C(N1COCCO)NC(=NC2=O)N
cid_556,C1=NC2=C(N1[C@H]3[C@@H]([C@@H]([C@H](O3)CO)O)O)N=C(N=C2N)F
cid_557,C1=NC2=C(N1[C@H]3[C@@H]([C@@H]([C@H](O3)COP(=O)(O)OP(=O)(O)O[C@@H]4[C@H]([C@H]([C@@H]([C@H](O4)CO)O)O)O)O)O)NC(=NC2=O)N
cid_558,C1C(=NO[C@@]12[C@@H]([C@H]([C@@H]([C@H](O2)CO)O)O)O)C3=CC=CC=C3
cid_559,C1C(=O)N([C@@H](S1)C2=CC(=CC=C2)Br)C3=C(C=CC(=C3)Cl)O
cid_560,C1C(=O)NC2=C(C=C(C=C2)Cl)C(S1)C3=CC=CC=C3Cl
cid_561,C1C(=O)NC=N1
cid_562,C1C(=O)NCC(=O)N1
cid_563,C1C(=O)NS(=O)(=O)N1C2=CC=CC=C2
cid_564,C1C(C(C(C(C1N)OC2C(C(C(C(O2)CN)O)O)O)O)OC3C(C(C(C(O3)CO)O)N)O)N
cid_565,C1C(C(C(C1N2C=NC3=C2N=CN=C3N)O)O)CO
cid_566,C1C(C(OC1N2C=C(C(=O)NC2=O)Br)COP(=O)(O)O)O
cid_567,C1C(C(OC1N2C=C(C(=O)NC2=O)F)COP(=O)(O)O)O
cid_568,C1C(C(OC1N2C=C(C(=O)NC2=O)I)CO)O
cid_569,C1C(C(OC1N2C=NC3=C2NC(=NC3=O)N)COP(=O)(O)O)O
cid_570,C1C(C1C(=O)O)C(C(=O)O)N
cid_571,C1C(CNC1C(=O)O)O
cid_572,C1C(CNC2=C1C(=O)N=C(N2)N)CCC3=CC=C(C=C3)C(=O)NC(CCC(=O)O)C(=O)O
cid_573,C1C(N(C2=C(N1)NC(=NC2=O)N)C=O)CNC3=CC=C(C=C3)C(=O)NC(CCC(=O)O)C(=O)O
cid_574,C1C(O1)CO
cid_575,C1C2=C(C(=CC=C2)O)C(=O)C3=C1C=CC=C3O
cid_576,C1C2=C(C3=CC=CC=C3NC1=O)NC4=C2C=C(C=C4)[N+](=O)[O-]
cid_577,C1C2=CC(=CC(=C2OCO1)CN3C4=C(C=C(C=C4)F)/C(=N\O)/C3=O)F
cid_578,C1C2C(C(C(O2)N3C4=C(C(=NC=N4)N)N=C3Br)O)OP(=O)(O1)[O-]
cid_579,C1C2C3=CC=CC=C3CC4=CC=CC=C4N2C(=N1)N
cid_580,C1C2CC3CC1CC(C2)(C3)N
cid_581,C1C=CC(=C1C(=O)O)C(=O)NC2=C(C(=C(C(=C2F)F)C3=CC(=CC=C3)OC(F)(F)F)F)F
cid_582,C1C=CN(C=C1C(=O)N)[C@H]2[C@@H]([C@@H]([C@H](O2)COP(=O)(O)OP(=O)(O)OC[C@@H]3[C@H]([C@H]([C@@H](O3)N4C=NC5=C4N=CN=C5N)O)O)O)O
cid_583,C1C=C[C@H]2C(=C1)C=CC3=C(N2CC4=CN=C5C(=N4)C(=NC(=N5)N)N)C=CC(=C3)O
cid_584,C1CC(=C(C1)C(=O)O)C(=O)NC2=C(C=C(C=C2F)C3=CC(=CC=C3)OC(F)(F)F)F
cid_585,C1CC(=O)CC(=O)C1
cid_586,C1CC(=O)NC1C(=O)O
cid_587,C1CC(=O)NC2=C1C=CC(=C2)OCCCCN3CCN(CC3)C4=C(C(=CC=C4)Cl)Cl
cid_588,C1CC(=O)N[C@H]1COC2=NC(=NC3=C2NC=N3)N
cid_589,C1CC(=O)OC1
cid_590,C1CC(=O)OC1=O
cid_591,C1CC(C(CNC1)NC(=O)C2=CC=C(C=C2)O)OC(=O)C3=CC(=C(C(=C3)O)C(=O)C4=C(C=CC=C4O)C(=O)O)O
cid_592,C1CC(C(OC1CN)OC2C(CC(C(C2O)OC3C(C(C(C(O3)CO)O)N)O)N)N)N
cid_593,C1CC(CNC1)C(=O)O
cid_594,C1CC(NC1)C(=O)O
cid_595,C1CC(OC1)N2C=C(C(=O)NC2=O)F
cid_596,C1CC(OC1)N2C=NC3=C2N=CN=C3N
cid_597,C1CC1(C(=O)O)N
cid_598,C1CC1C2=CC(=NN2)NC(=O)C3=CC=CC=C3
cid_599,C1CC1C2=CC(=NN2)NC(=O)CC3=CC4=CC=CC=C4C=C3
cid_600,C1CC1CN2C=NC(=C2C3=CC=NC=C3)C4=CC=C(C=C4)F
cid_601,C1CC1NC2=NC=CC(=N2)C3=C4C=CC=NN4N=C3
cid_602,C1CC2=C(C1)N(C(=O)NC2=O)C[C@@H](C(=O)O)N
cid_603,C1CC2=C(C=CC(=C2)Cl)C(=C3CCNCC3)C4=C1C=CC=N4
cid_604,C1CC2=CC=CC=C2C1
cid_605,C1CC2=CC=CC=C2[C@@H]([C@H]1N)O
cid_606,C1CC2CCC3C4CCC(CC4CCC3C2C1)O
cid_607,C1CC=C(C2=C(C1)ONC2=O)C[C@@H](C(=O)O)N
cid_608,C1CCC(=O)CC1
cid_609,C1CCC(=O)CC2=C(C(=CC(=C2Cl)O)O)C(=O)OCC/C=C/C1
cid_610,C1CCC(C(C1)N)N
cid_611,C1CCC(C1)(C(=O)O)N
cid_612,C1CCC(C1)(CN)C2=CC=CC=C2
cid_613,C1CCC(C1)NC2=NC=NC3=C2N=CN3C4C(C(C(O4)CO)O)O
cid_614,C1CCC(CC1)(C2=CC=CC=C2)N3CCCCC3
cid_615,C1CCC(CC1)(CC(=O)O)CN
cid_616,C1CCC(CC1)C(=O)O
cid_617,C1CCC(CC1)C2=C3C(=NN2)C4=C(C3=O)C(=CC=C4)NC(=O)CN5CCC(CC5)CN
cid_618,C1CCC(CC1)CCCCCO[C@H]2[C@@H]([C@H]([C@@H]([C@H](O2)CO)O[C@@H]3[C@@H]([C@H]([C@@H]([C@H](O3)CO)O)O)O)O)O
cid_619,C1CCC(CC1)COC2=NC(=NC(=C2N=O)N)N
cid_620,C1CCC(CC1)COC2=NC(=NC(=C2N=O)N)NC3=CC=C(C=C3)C(=O)N
cid_621,C1CCC(CC1)COC2=NC(=NC3=C2NC=N3)N
cid_622,C1CCC(CC1)COC2=NC(=NC3=C2NC=N3)NC4=CC(=CC=C4)Cl
cid_623,C1CCC(CC1)COC2=NC(=NC3=C2NC=N3)NC4=CC(=CC=C4)S(=O)(=O)N
cid_624,C1CCC(CC1)COC2=NC(=NC3=C2NC=N3)NC4=CC=C(C=C4)C(=O)N
cid_625,C1CCC(CC1)COC2=NC(=NC3=C2NC=N3)NC4=CC=C(C=C4)O
cid_626,C1CCC(CC1)COC2=NC(=NC3=C2NC=N3)NC4=CC=C(C=C4)S(=O)(=O)CCNCCCO
cid_627,C1CCC(CC1)COC2=NC(=NC3=C2NC=N3)NC4=CC=C(C=C4)S(=O)(=O)N
cid_628,C1CCC(CC1)COC2=NC(=NC3=C2NC=N3)NC4=CC=CC=C4
cid_629,C1CCC(CC1)N
cid_630,C1CCC(CC1)NC2=NC(=NC3=C2NC=N3)NC4=CC=C(C=C4)N5CCOCC5
cid_631,C1CCC(CC1)NCCCS(=O)(=O)O
cid_632,C1CCC(CC1)O
cid_633,C1CCC(CC1)OC2=NC3=NC=NN3C(=C2)NC4=CC=C(C=C4)S(=O)(=O)N
cid_634,C1CCC1
cid_635,C1CCC2(C1)CC(=O)N(C(=O)C2)CCCCN3CCN(CC3)C4=NC=CC=N4
cid_636,C1CCC2(CC1)C(=O)N[C@H](C(=O)NC[C@@H](C/C=C/[C@@H](CC(=O)N2)C3=CC=C(C=C3)CP(=O)(O)O)CC4=CC=CC5=CC=CC=C54)CC(=O)N
cid_637,C1CCC2=C(CC1)C(=O)OC3=C2C=CC(=C3)OS(=O)(=O)N
cid_638,C1CCC2=C(P(C(=C2C1)C3=CC=CC=N3)C4=CC=CC=C4)C5=CC=CC=N5
cid_639,C1CCC2=NC3=CC=CC=C3C(=C2C1)NCC4=CC(=CC=C4)I
cid_640,C1CCC2=NC3=CC=CC=C3C(=C2C1)NCC4=CC=CC=C4
cid_641,C1CCC2CCCCC2C1
cid_642,C1CCCNCC1
cid_643,C1CCN(C1)C(=O)[C@@H]2CN(C[C@@H]2N)C(=O)C3=NC4=CC=CC=C4N=C3
cid_644,C1CCN(C1)CC2=CC=C(C=C2)N/C=C\3/C4=C(C=CC(=C4)Br)C(=O)NC3=O
cid_645,C1CCN(CC1)C2(CCN(CC2)CCCN3C4=CC=CC=C4CCC5=CC=CC=C53)C(=O)N
cid_646,C1CCN(CC1)CC2=CC3=C/C(=C/4\C5=C(C=C(C=C5)C6=NNN=C6CO)NN4)/N=C3C=C2
cid_647,C1CCN(CC1)CCOC2=CC=C(C=C2)C(=O)C3=C(SC4=C3C=CC(=C4)O)C5=CC=C(C=C5)O
cid_648,C1CCN(CC1)CCOC2=CC=C(C=C2)C3=CN4C(=C(C=N4)C5=CC=NC=C5)N=C3
cid_649,C1CCN(CC1)CCOC2=CC=C(C=C2)[C@@H]3C4=C(CCN3C5=CC=CC=C5)C=C(C=C4)O
cid_650,C1CCN2C(C1)NC(=O)C23CCN(CC3)CCCN4C5=CC=CC=C5CCC6=C4C=C(C=C6)Cl
cid_651,C1CCNC(C1)C(=O)O
cid_652,C1CCNCC1
cid_653,C1CCOC1
cid_654,C1CC[N+]2(C1)C3CCC2CC(C3)OC(=O)C(C4=CC=CC=C4)(C5=CC=CC=C5)O
cid_655,C1CN(CC1(F)F)C(=O)[C@@H]2C[C@@H](CN2)N3CCN(CC3)C4=NC=CC=N4
cid_656,C1CN(CC2=C1N=CN2)C3=NC=NC4=C3C(=CN4)Cl
cid_657,C1CN(CC2=C1SC=C2)CC3=CC=CC=C3Cl
cid_658,C1CN(CC=C1N2C3=CC=CC=C3NC2=O)CCCC(=O)C4=CC=C(C=C4)F
cid_659,C1CN(CCC1(C2=CC=C(C=C2)Cl)O)CCCC(=O)C3=CC=C(C=C3)F
cid_660,C1CN(CCC12C(=O)NCN2C3=CC=CC=C3)CCCC(C4=CC=C(C=C4)F)C5=CC=C(C=C5)F
cid_661,C1CN(CCC1C2=C(C(=NN2)C3=CC=C(C=C3)Cl)C4=NC=NC=C4)C(=O)CO
cid_662,C1CN(CCC1C2=CC=CC=C2)C3=CC=C(C=C3)S(=O)(=O)NCC(=O)O
cid_663,C1CN(CCC1C2=CN(C3=C2C=C(C=C3)Cl)C4=CC=C(C=C4)F)CCN5CCNC5=O
cid_664,C1CN(CCC1N2C3=C(C=C(C=C3)Cl)NC2=O)CCCN4C5=CC=CC=C5NC4=O
cid_665,C1CN(CCC1N2C3=CC=CC=C3NC2=O)CCCC(C4=CC=C(C=C4)F)C5=CC=C(C=C5)F
cid_666,C1CN(CCC1NCC2=CC=CC=C2O)S(=O)(=O)NC3=CC(=CC=C3)OC4=CC=C(C=C4)F
cid_667,C1CN(CCC1O)C(=O)[C@H](CC2=CC=C(C=C2)F)NC(=O)C3=CC4=C(N3)C=CC(=C4)Cl
cid_668,C1CN(CCN1)C2=CC3=C(CNC(=O)N3C4=C(C=CC=C4Cl)Cl)C(=C2)C5=C(C=C(C=C5)F)F
cid_669,C1CN(CCN1)C2=NC3=CC=CC=C3OC4=C2C=C(C=C4)Cl
cid_670,C1CN(CCN1C/C=C/C2=CC=CC=C2)C(C3=CC=C(C=C3)F)C4=CC=C(C=C4)F
cid_671,C1CN(CCN1C/C=C/C2=CC=CC=C2)C(C3=CC=CC=C3)C4=CC=CC=C4
cid_672,C1CN(CCN1CC/C=C\2/C3=CC=CC=C3SC4=C2C=C(C=C4)Cl)CCO
cid_673,C1CN(CCN1CCC=C2C3=CC=CC=C3SC4=C2C=C(C=C4)C(F)(F)F)CCO
cid_674,C1CN(CCN1CCCN2C(=O)N3C=CC=CC3=N2)C4=CC(=CC=C4)Cl
cid_675,C1CN(CCN1CCCN2C3=CC=CC=C3SC4=C2C=C(C=C4)C(F)(F)F)CCO
cid_676,C1CN(CCN1CCCN2C3=CC=CC=C3SC4=C2C=C(C=C4)Cl)CCO
cid_677,C1CN(CCN1CCOCC(=O)O)C(C2=CC=CC=C2)C3=CC=C(C=C3)Cl
cid_678,C1CN(CCN1CCOCCO)C(C2=CC=CC=C2)C3=CC=C(C=C3)Cl
cid_679,C1CN(CCN1CCOCCO)C2=NC3=CC=CC=C3SC4=CC=CC=C42
cid_680,C1CN(C[C@@H](N1)CC2=CC=CC=C2)C3=NN=C(C(=C3)C4=CC=NC=C4)C5=CC6=CC=CC=C6C=C5
cid_681,C1CN1
cid_682,C1CN2C(=N1)C3=CC=CC=C3C2(C4=CC=C(C=C4)Cl)O
cid_683,C1CN2C(=NN=C2C(F)(F)F)CN1C(=O)C[C@@H](CC3=CC(=C(C=C3F)F)F)N
cid_684,C1CN2C3=CC=CC4=C3C=C(C=C4)OC5=C(C=CC(=C5)CN6C=NC=C6CCNC1C2=O)C#N
cid_685,C1CN2C3=CC=CC4=C3C=C(C=C4)OC5=C(C=CC(=C5)CN6C=NC=C6CNC1C2=O)C#N
cid_686,C1CN2CCC1C(C2)CN3C4=CC=CC=C4SC5=CC=CC=C53
cid_687,C1CN=C(N1)CC2=CC=CC3=CC=CC=C32
cid_688,C1CN=C(N1)NC2=C(C3=NC=CN=C3C=C2)Br
cid_689,C1CN=C(N1)NC2=C(C=C(C=C2Cl)N)Cl
cid_690,C1CN=C(N1)NC2=C(C=CC=C2Cl)Cl
cid_691,C1CNC(=O)C2=NC(=C[C@H]2[C@H]1C3=NC(=NC3=O)N)Br
cid_692,C1CNC(=O)NC1=O
cid_693,C1CNC1C(=O)O
cid_694,C1CNCC(C2=CC(=C(C=C21)O)O)C3=CC=CC=C3
cid_695,C1CNCC2=C1C=CC(=C2)I
cid_696,C1CNCC2=C1C=CC(=C2)S(=O)(=O)N
cid_697,C1CNCC2=C1C=CC(=C2)S(=O)(=O)NC3=CC=C(C=C3)Cl
cid_698,C1CNCC2=CC=CC=C21
cid_699,C1CNCCC1(C2=CC=C(C=C2)C3=CNN=C3)C4=CC=C(C=C4)Cl
cid_700,C1CNCCC1C2=CC3=C(CCC(=O)N3C4=C(C=CC=C4Cl)Cl)C(=C2)C5=C(C=C(C=C5)F)F
cid_701,C1CNCCC1N2C=NC(=C2C3=NC(=NC=C3)N)C4=CC=C(C=C4)F
cid_702,C1CNCCC1NC(=O)C2=C(C=NN2)NC(=O)C3=C(C=CC=C3Cl)Cl
cid_703,C1CNCCC1OC2=CC=CC(=C2)C(=O)C3=C(N(N=C3)C4=CC=C(C=C4)F)N
cid_704,C1CNCCN(C1)S(=O)(=O)C2=CC=CC3=C2C=CN=C3
cid_705,C1CNCCN1
cid_706,C1CNC[C@H]([C@@H]1C2=CC=C(C=C2)F)COC3=CC4=C(C=C3)OCO4
cid_707,C1CN[C@@H]1C(=O)O
cid_708,C1CO1
cid_709,C1COC1=O
cid_710,C1COC2=C([C@]13C(=O)NC(=O)N3)C=C(C=C2)F
cid_711,C1COCCC1(C(=O)NO)S(=O)(=O)C2=CC=C(C=C2)OC3=CC=C(C=C3)C(F)(F)F
cid_712,C1COCCC1(CS(=O)(=O)C2=CC=C(C=C2)OC3=CC=C(C=C3)Cl)C(=O)NO
cid_713,C1COCCN1C2=CC(=CC(=C2)C(=O)NC3=CC4=C(C=C3)NC=C4)F
cid_714,C1COCCN1C2=CC(=CC(=C2)C(=O)NC3=CC4=C(C=C3)NC=C4CCC5=CC=NC=C5)F
cid_715,C1COCCN1C2=CC(=CC=C2)NC3=NC=CC(=N3)NC4=C(C=CC5=C4OCO5)Cl
cid_716,C1COCCN1C2=CC(=O)C3=C(O2)C(=CC=C3)C4=CC=CC=C4
cid_717,C1COCCN1C2=CC=C(C=C2)SC3=CC=CC4=C3C(=NC(=N4)N)N
cid_718,C1COCCN1CCCS(=O)(=O)O
cid_719,C1COCCN1CCNC2=CC\3=C(C=C2)ON/C3=C/4\C=C(C(=CC4=O)O)Cl
cid_720,C1COCCO1
cid_721,C1C[C@@H](NC1)C(=O)O
cid_722,C1C[C@@H](O[C@@H]1COP(=O)(O)O)N2C=CC(=NC2=O)N
cid_723,C1C[C@@H]([C@H](C[C@H]1N2CCN3C(=NN=C3C(F)(F)F)C2)N)C4=CC(=C(C=C4F)F)F
cid_724,C1C[C@@H]2C3=C(C=CC=C3NC(=O)NC4=CC=CC=N4)C(=O)N2C1
cid_725,C1C[C@@H]2N(C1)C(=O)C3=CC4=C(C=C3O2)OCCO4
cid_726,C1C[C@H](N(C1)C(=O)CNC23CC4CC(C2)CC(C4)(C3)O)C#N
cid_727,C1C[C@H](N(C1)C(=O)C[C@@H](CC2=CC=CC=C2F)N)CNC(=O)C3=CC=CC=C3
cid_728,C1C[C@H](N([C@H]1C2=CC=CC=C2)C(=O)CNC(=O)[C@H](CC3=CC=CC=C3)S)C(=O)O
cid_729,C1C[C@H](NC1)C(=O)O
cid_730,C1C[C@H](NC1)C2=CC(=NN2)NC(=O)NC3=CC=CC4=C3[C@@H]5CCCN5C4=O
cid_731,C1C[C@H](NC1)CN
cid_732,C1C[C@H]2[C@@H](C1)C3=C(C=CC(=C3)O)O[C@H]2C4=CC=C(C=C4)O
cid_733,C1NC2=C(C=C(C(=C2)C(F)(F)F)S(=O)(=O)N)S(=O)(=O)N1
cid_734,C1OC2=C(O1)C(=C(C=C2)Cl)NC3=NC(=NC=C3)NC4=CC(=CC=C4)S(=O)(=O)N
cid_735,C1OC2=C(O1)C(=C(C=C2)Cl)NC3=NC(=NC=C3)NC4=CC=CC(=C4)C(=O)N
cid_736,C1[C@@H](C(=O)N(C2=CC=CC=C21)CC(=O)N)NC(=O)C3=CC4=C[C@@H](SC4=N3)Cl
cid_737,C1[C@@H](C(=O)N(C2=CC=CC=C21)CC(=O)NCCO)NC(=O)C3=CC4=C(N3)SC(=C4)Cl
cid_738,C1[C@@H]([C@H](CN(C1=O)CCC2=CC3=C(C=C2)OCO3)N)C4=CC(=C(C=C4F)F)F
cid_739,C1[C@@H]([C@H](CSS1)O)O
cid_740,C1[C@@H]([C@H](O[C@H]1N2C=C(C(=O)NC2=O)Br)CO)O
cid_741,C1[C@@H]([C@H](O[C@H]1N2C=C(C(=O)NC2=O)C(F)(F)F)CO)O
cid_742,C1[C@@H]([C@H](O[C@H]1N2C=C(C(=O)NC2=O)F)CO)O
cid_743,C1[C@@H]([C@H](O[C@H]1N2C=C(C(=O)NC2=O)F)COP(=O)(O)O)O
cid_744,C1[C@@H]([C@H](O[C@H]1N2C=C(C(=O)NC2=O)I)CO)O
cid_745,C1[C@@H]([C@H](O[C@H]1N2C=CC(=O)NC2=O)COP(=O)(O)O)O
cid_746,C1[C@@H]([C@H](O[C@H]1N2C=NC3=C2N=CN=C3N)COP(=O)(O)O)O
cid_747,C1[C@@H]([C@H](O[C@H]1N2C=NC3=C2N=CN=C3N)COP(=O)(O)OP(=O)(O)OP(=O)(O)O)O
cid_748,C1[C@@H]([C@H](O[C@H]1N2C=NC3=C2NC(=NC3=O)N)COP(=O)(O)O)O
cid_749,C1[C@@H]([C@H]([C@@H](CN1CCCC2=CC=CC=C2)O)O)CO
cid_750,C1[C@@H]([C@H]([C@@H]([C@H](N1CCO)CO)O)O)O
cid_751,C1[C@@H]2C[C@@H]2N([C@@H]1C#N)C(=O)[C@H](C34CC5CC(C3)CC(C5)(C4)O)N
cid_752,C1[C@@H]2[C@H]([C@H]([C@@H](O2)N3C=NC4=C3N=CN=C4N)O)OP(=O)(O1)O
cid_753,C1[C@H](C(=O)NC2=CC=CC=C21)NC(=O)C3=CC4=C(N3)SC(=C4)Cl
cid_754,C1[C@H](CN[C@@H]1C(=O)O)O
cid_755,C1[C@H](N(CC2=CC=CC=C21)C(=O)C[C@@H](CC3=CC=CC=C3F)N)C(=O)N
cid_756,C1[C@H](NC(=O)[C@]12C[C@@H]2C(=O)O)C3=CC=C(C=C3)OCC4=CC(=NC5=CC=CC=C54)C6=CC=CC=C6
cid_757,C1[C@H](NO[C@@]12[C@@H]([C@H]([C@@H]([C@H](O2)CO)O)O)O)C3=CC4=CC=CC=C4C=C3
cid_758,C1[C@H](O[C@H]([C@@H]1O)N2C=NC3=C2N=CN=C3N)CO
cid_759,C1[C@H]([C@@H](C2=CC=CC=C21)O)NC(=O)C3=CC4=C(N3)SC(=C4)Cl
cid_760,C1[C@H]([C@@H]([C@H](O[C@@H]1O)CO)O)O
cid_761,C1[C@H]([C@@H]([C@H]([C@@H]([C@H]1N)O[C@@H]2[C@@H]([C@H]([C@@H]([C@H](O2)CN)O)O)N)O[C@H]3[C@@H]([C@@H]([C@H](O3)CO)O[C@@H]4[C@@H]([C@H]([C@@H]([C@@H](O4)CN)O)O)N)O)O)N
cid_762,C1[C@H]([C@@H]([C@H]([C@@H]([C@H]1N)O[C@@H]2[C@@H]([C@H]([C@@H]([C@H](O2)CN)O)O)O)O)O[C@@H]3[C@@H]([C@H]([C@@H]([C@H](O3)CO)O)N)O)N
cid_763,C1[C@H]2C=NC3=C(N2CN1C4=CC=C(C=C4)C(=O)N[C@H](CCC(=O)O)C(=O)O)C(=O)N=C(N3)N
cid_764,C1[C@H]2[C@@H]([C@@H](S1)CCCCC(=O)O)NC(=O)N2
cid_765,C1[C@H]2[C@@H]([C@@H](S1)CCCCC=O)NC(=O)N2
cid_766,C=C
cid_767,C=C(C(=O)O)OP(=O)(O)O
cid_768,C=C(CC(=O)O)C(=O)O
cid_769,C=C1CC1CC(C(=O)O)N
cid_770,C=C=CCNCCCCNCC=C=C
cid_771,C=CC#N
cid_772,C=CC(=O)N
cid_773,C=CC(CCC(=O)O)N
cid_774,C=CC1=CC(=CC2=C1O/C(=C/3\C=CC(=O)C(=C3)F)/N2)O
cid_775,C=CC1=CC=CC=C1
cid_776,C=CCBr
cid_777,C=CCCCCCCCCC(=O)O
cid_778,C=CCN1C2=C(C=CC=C2C(F)(F)F)/C(=C\3/C=CC(=O)C=C3O)/N1
cid_779,C=COCC(F)(F)F
cid_780,C=O
cid_781,CC#CCNC1=CC=C(C=C1)S(=O)(=O)CC2(CCN(CC2)C(=O)OC(C)(C)C)C(=O)NO
cid_782,CC#CCOC1=CC=C(C=C1)S(=O)(=O)CCCS
cid_783,CC#CCOC1=CC=C(C=C1)S(=O)(=O)N2CCSC([C@@H]2C(=O)NO)(C)C
cid_784,CC#CCOC1=CC=C(C=C1)S(=O)(=O)N2CC[C@@H](C2)S
cid_785,CC#C[C@@]1(CC[C@@H]2[C@@]1(C[C@@H](C3=C4CCC(=O)C=C4CC[C@@H]23)C5=CC=C(C=C5)N(C)C)C)O
cid_786,CC#C[C@H]1CC[C@H](N1C(=O)[C@H](C2CCCC2)N)CN
cid_787,CC(=C)C(=O)O
cid_788,CC(=C)C(=O)OC
cid_789,CC(=C)C1CCC(=CC1)C(=O)O
cid_790,CC(=C)CCOP(=O)(O)OP(=O)(O)O
cid_791,CC(=CC(=O)O)C
cid_792,CC(=CCC/C(=C/CC/C(=C/CONC(=O)CP(=O)(O)O)/C)/C)C
cid_793,CC(=CCC/C(=C/CC/C(=C/COP(=O)(O)OP(=O)(O)O)/C)/C)C
cid_794,CC(=CCCC(=CCCC(=CCCC(=CCOP(=O)(O)OP(=O)(O)O)C)C)C)C
cid_795,CC(=CCOP(=O)(O)OP(=O)(O)O)C
cid_796,CC(=NCCCCC(C(=O)O)N)N
cid_797,CC(=O)C
cid_798,CC(=O)C(=O)C
cid_799,CC(=O)C(=O)O
cid_800,CC(=O)C(C)(C(=O)O)O
cid_801,CC(=O)C1=CC(=C(C=C1)OCCCN2CCC(CC2)C3=NOC4=C3C=CC(=C4)F)OC
cid_802,CC(=O)C1=CC=CC(=C1)C2=CN=C3N2N=C(C=C3)NCC4CC4
cid_803,CC(=O)C1=C[N+](=CC=C1)C2C(C(C(O2)COP(=O)([O-])OP(=O)(O)OCC3C(C(C(O3)N4C=NC5=C4N=CN=C5N)O)O)O)O
cid_804,CC(=O)C=O
cid_805,CC(=O)CC(=O)CCC(=O)O
cid_806,CC(=O)CC(=O)O
cid_807,CC(=O)CCC(=O)C
cid_808,CC(=O)CCC(=O)[O-]
cid_809,CC(=O)CCCCN1C(=O)C2=C(N=CN2C)N(C1=O)C
cid_810,CC(=O)CCO
cid_811,CC(=O)CO
cid_812,CC(=O)N
cid_813,CC(=O)NC
cid_814,CC(=O)NC(CC1=CNC2=CC=CC=C21)C(=O)O
cid_815,CC(=O)NC(CCSC)C(=O)O
cid_816,CC(=O)NC1=C(NN=C1)C(=O)NC2=CC=C(C=C2)F
cid_817,CC(=O)NC1=CC=C(C=C1)O
cid_818,CC(=O)NC1=CC=C(C=C1)OC(=O)C2=CC=CC=C2O
cid_819,CC(=O)NC1=CC=CC=C1
cid_820,CC(=O)NC1C(C(C(OC1NC(=O)CC(C(=O)O)N)CO)O)O
cid_821,CC(=O)NC1C(C(C(OC1O)CO)O)O
cid_822,CC(=O)NCCC1=CC=CC2=C1C=C(C=C2)OC
cid_823,CC(=O)NCCC1=CN=CN1
cid_824,CC(=O)NCCC1=CNC2=CC(=C(C=C21)OC)Cl
cid_825,CC(=O)NCCCNCCCCN
cid_826,CC(=O)N[C@@H](CC1=CC=C(C=C1)OC2=CC(=C(C(=C2)[N+](=O)[O-])O)[N+](=O)[O-])C(=O)O
cid_827,CC(=O)N[C@@H](CC1=CC=CC=C1)C(=O)N[C@@H](CC2=CC=C(C=C2)C(F)(F)P(=O)(O)O)C(=O)N
cid_828,CC(=O)N[C@@H](CC1=CC=CC=C1)C(=O)N[C@@H](CC2=CC=C(C=C2)[C@@H]3CC(=O)NS3(=O)=O)C(=O)N
cid_829,CC(=O)N[C@@H](CCSC)C(=O)O
cid_830,CC(=O)N[C@@H](CO)C(=O)O
cid_831,CC(=O)N[C@@H]1[C@H]([C@H]([C@H](O[C@H]1O)CO)O)O
cid_832,CC(=O)O
cid_833,CC(=O)OC(C)(C)C
cid_834,CC(=O)OC1=CC=C(C=C1)C(=C2CCCCC2)C3=CC=C(C=C3)OC(=O)C
cid_835,CC(=O)OCC(=O)C1(CCC2C1(C[C@@H]([C@]3(C2CCC4=CC(=O)C=CC43C)F)O)C)O
cid_836,CC(=O)OCC(=O)[C@H]1CC[C@@H]2[C@@]1(CC[C@H]3[C@H]2CCC4=CC(=O)CC[C@]34C)C
cid_837,CC(=O)OCC(=O)[C@]1(CC[C@@H]2[C@@]1(CC(=O)[C@H]3[C@H]2CCC4=CC(=O)CC[C@]34C)C)O
cid_838,CC(=O)OCC(C(=O)O)N
cid_839,CC(=O)OCC1=C(N2[C@@H]([C@@H](C2=O)NC(=O)CC3=CC=CS3)SC1)C(=O)O
cid_840,CC(=O)OCC[N+](C)(C)C
cid_841,CC(=O)O[C@@H]1C[C@]2([C@@H](CCC2=O)C3=C1[C@]4([C@H](OC(=O)C5=COC(=C54)C3=O)COC)C)C
cid_842,CC(=O)O[C@]1(CC[C@@H]2[C@@]1(CC[C@H]3[C@H]2CCC4=CC(=O)CC[C@H]34)C)C#C
cid_843,CC(=O)SCCNC(=O)CCNC(=O)C(C(C)(C)COP(=O)(O)OP(=O)(O)OC[C@@H]1[C@H]([C@H]([C@@H](O1)N2C=NC3=C2N=CN=C3N)O)OP(=O)(O)O)O
cid_844,CC(=O)[C@H]1CC[C@@H]2[C@@]1(CC[C@H]3[C@H]2CC=C4[C@@]3(CC[C@@H](C4)O)C)C
cid_845,CC(=O)[C@H]1CC[C@@H]2[C@@]1(CC[C@H]3[C@H]2CCC4=CC(=O)CC[C@]34C)C
cid_846,CC(=O)[O-]
cid_847,CC(C(=O)C)O
cid_848,CC(C(=O)C1=CC(=CC=C1)Cl)NC(C)(C)C
cid_849,CC(C(=O)CCCCCC(=O)O)N
cid_850,CC(C(=O)NCC(=O)O)S
cid_851,CC(C(=O)O)(Cl)Cl
cid_852,CC(C(=O)O)C(=O)O
cid_853,CC(C(=O)O)C(=O)SCCNC(=O)CCNC(=O)C(C(C)(C)COP(=O)(O)OP(=O)(O)OCC1C(C(C(O1)N2C=NC3=C2N=CN=C3N)O)OP(=O)(O)O)O
cid_854,CC(C(=O)O)C(CC(=O)O)(C(=O)O)O
cid_855,CC(C(=O)O)Cl
cid_856,CC(C(=O)O)N
cid_857,CC(C(=O)O)O
cid_858,CC(C(=O)[O-])O
cid_859,CC(C(C(=O)O)N)O
cid_860,CC(C(C)O)O
cid_861,CC(C(C1=CC=C(C=C1)O)O)N2CCC(CC2)CC3=CC=CC=C3
cid_862,CC(C(C1=CC=CC=C1)O)N
cid_863,CC(C(CC(=O)O)C(=O)O)(C(=O)O)O
cid_864,CC(C)(C(=O)O)C(=O)O
cid_865,CC(C)(C(=O)O)N
cid_866,CC(C)(C(Cl)(Cl)Cl)O
cid_867,CC(C)(C)C(=O)O
cid_868,CC(C)(C)C1=C(C(=CC(=C1)C=C(C#N)C#N)Br)O
cid_869,CC(C)(C)C1=C(C(=NS1)[O-])C[C@@H](C(=O)O)[NH3+]
cid_870,CC(C)(C)C1=CC(=C(C=C1)O)O
cid_871,CC(C)(C)C1=CC(=C(C=C1O)C(C)(C)C)O
cid_872,CC(C)(C)C1=CC(=NN1)NC(=O)NC2=CC(=C(C=C2)Cl)COC3=CN=CC=C3
cid_873,CC(C)(C)C1=CC=C(C=C1)C(=O)CCCN2CCC(CC2)OC(C3=CC=CC=C3)C4=CC=CC=C4
cid_874,CC(C)(C)C1=CC=C(C=C1)C(CCCN2CCC(CC2)C(C3=CC=CC=C3)(C4=CC=CC=C4)O)O
cid_875,CC(C)(C)C1=CC=C(C=C1)SC2=CC=CC3=C2C(=NC(=N3)N)N
cid_876,CC(C)(C)C1=NC2=C(N1)C3=C(C=C(C=C3)F)C4=C2C=CNC4=O
cid_877,CC(C)(C)C1=NN(C(=C1)NC(=O)NC2=CC=CC3=CC=CC=C32)C4=CC(=CC=C4)N
cid_878,CC(C)(C)CC(C)(C)C1=CC=C(C=C1)OCCO
cid_879,CC(C)(C)NC1=NC(=NC2=C1C=C(C=C2)C3=CC(=CC=C3)N)C(F)(F)F
cid_880,CC(C)(C)NCC(C1=CC(=C(C=C1)O)CO)O
cid_881,CC(C)(C)NS(=O)(=O)C1=CC=C(C=C1)C2=CN=C3C=CC=C(C3=C2)NC4=CC=CC=N4
cid_882,CC(C)(C)O
cid_883,CC(C)(C)OC(=O)N1CC2=C(C[C@@H]1C(=O)NC)C=CC(=C2)NS(=O)(=O)O
cid_884,CC(C)(C)OC(=O)[C@H](CCC(=O)N)N
cid_885,CC(C)(C)OO
cid_886,CC(C)(C1=CC=C(C=C1)C(CCCN2CCC(CC2)C(C3=CC=CC=C3)(C4=CC=CC=C4)O)O)C(=O)O
cid_887,CC(C)(C1=CC=C(C=C1)O)C2=CC=C(C=C2)O
cid_888,CC(C)(CO)C(=O)C(=O)O
cid_889,CC(C)(COP(=O)(O)OP(=O)(O)OCC1C(C(C(O1)N2C=NC3=C2N=CN=C3N)O)OP(=O)(O)O)C(C(=O)NCCC(=O)NCCS)O
cid_890,CC(C)(COP(=O)(O)OP(=O)(O)OCC1C(C(C(O1)N2C=NC3=C2N=CN=C3N)O)OP(=O)(O)O)C(C(=O)NCCC(=O)NCCSC(=O)C=CCC(=O)O)O
cid_891,CC(C)(COP(=O)(O)OP(=O)(O)OCC1C(C(C(O1)N2C=NC3=C2N=CN=C3N)O)OP(=O)(O)O)C(C(=O)NCCC(=O)NCCSC(=O)CC(C(=O)O)O)O
cid_892,CC(C)(COP(=O)(O)OP(=O)(O)OC[C@@H]1[C@H]([C@H]([C@@H](O1)N2C=NC3=C2N=CN=C3N)O)OP(=O)(O)O)C(C(=O)NCCC(=O)NCCSC(=O)CC(=O)O)O
cid_893,CC(C)C
cid_894,CC(C)C(=O)C(=O)O
cid_895,CC(C)C(=O)O
cid_896,CC(C)C(C(=O)NC(CC(=O)O)C=O)NC(=O)C(CCC(=O)O)NC(=O)C(CC(=O)O)NC(=O)C
cid_897,CC(C)C(C(=O)O)N
cid_898,CC(C)C(C(=O)O)NC
cid_899,CC(C)C(C(C)(C)CO)O
cid_900,CC(C)C(C1=CC=C(C=C1)Cl)C(=O)OC(C#N)C2=CC(=CC=C2)OC3=CC=CC=C3
cid_901,CC(C)C(CC(=O)O)(C(=O)O)O
cid_902,CC(C)C(CC=C)C(=O)N
cid_903,CC(C)C(CCCN(C)CCC1=CC(=C(C=C1)OC)OC)(C#N)C2=CC(=C(C=C2)OC)OC
cid_904,CC(C)C1=C(C(=CC=C1)C(C)C)O
cid_905,CC(C)C1=CC=CC=C1
cid_906,CC(C)C1=NN2C=CC=CC2=C1C(=O)C(C)C
cid_907,CC(C)C=O
cid_908,CC(C)CC(=O)C
cid_909,CC(C)CC(=O)C(=O)O
cid_910,CC(C)CC(=O)SCCNC(=O)CCNC(=O)C(C(C)(C)COP(=O)(O)OP(=O)(O)OCC1C(C(C(O1)N2C=NC3=C2N=CN=C3N)O)OP(=O)(O)O)O
cid_911,CC(C)CC(C(=O)O)N
cid_912,CC(C)CC1=CC=C(C=C1)C(C)C(=O)O
cid_913,CC(C)CC1CN2CCC3=CC(=C(C=C3C2CC1=O)OC)OC
cid_914,CC(C)CCC(=O)O
cid_915,CC(C)CCC(C(C)(C1CCC2(C1(CC(C3C2=CC(=O)C4(C3(CC(C(C4)O)O)C)O)O)C)O)O)O
cid_916,CC(C)CCCC(C)C1CCC2C1(CCC3C2=CC=C4C3(CCC(C4)O)C)C
cid_917,CC(C)CCN
cid_918,CC(C)CCNC1=NC(=NC2=C1N=CN2[C@H]3[C@@H]([C@@H]([C@H](O3)COP(=O)(O)O)O)O)SC
cid_919,CC(C)CCOP(=O)(O)OP(=O)(O)O
cid_920,CC(C)CCSP(=O)(O)OP(=O)(O)O
cid_921,CC(C)CN1C2=C(C(=O)N(C1=O)C)NC=N2
cid_922,CC(C)CO
cid_923,CC(C)C[C@@H](C(=O)O)N
cid_924,CC(C)C[C@@H](CC(=O)O)CN
cid_925,CC(C)C[C@@H](CN1CCCN2[C@H]1CCC2)N
cid_926,CC(C)C[C@H](C(=O)NO)N(CC1=CC=CC=C1)[P@@](=O)(C)C2=CC=CC=C2
cid_927,CC(C)C[C@H](CC(=O)NO)C(=O)N[C@@H](CC1=CC=C(C=C1)OC)C(=O)NC
cid_928,CC(C)C[C@H](CC(=O)NO)C(=O)N[C@@H](CC1=CC=CC=C1)C(=O)NC
cid_929,CC(C)C[C@H](CC(=O)NO)C(=O)N[C@@H](CC1=CNC2=CC=CC=C21)C(=O)NC
cid_930,CC(C)C[C@H](N)P(=O)(O)O
cid_931,CC(C)C[C@H]([C@@H](C(=O)NO)O)C(=O)N[C@H](C(=O)NC)C(C)(C)C
cid_932,CC(C)C[C@H]([C@H](CCCO)C(=O)NO)C(=O)N[C@H]1CCCCN(C1=O)CCOC
cid_933,CC(C)C[C@H]([C@H](CSC1=CC=CS1)C(=O)NO)C(=O)N[C@@H](CC2=CC=CC=C2)C(=O)NC
cid_934,CC(C)I
cid_935,CC(C)N
cid_936,CC(C)N1C2=C(C(=N1)C3=CC(=CC=C3)O)C(=NC=N2)N
cid_937,CC(C)N1C2=CC=CC=C2C(=C1CC[C@H](C[C@H](CC(=O)O)O)O)C3=CC=C(C=C3)F
cid_938,CC(C)N1C2=NC(=NC=C2N=C1NC3=CC=CC=C3F)OC4=C(C=CC=C4F)F
cid_939,CC(C)N1CCN(CC1)C2=CC=C(C=C2)OC[C@H]3CO[C@](O3)(CN4C=NC=N4)C5=C(C=C(C=C5)Cl)Cl
cid_940,CC(C)NC(C)C
cid_941,CC(C)NCC(C1=CC(=C(C=C1)O)O)O
cid_942,CC(C)NCC(C1=CC(=CC(=C1)O)O)O
cid_943,CC(C)NCC(COC1=CC=C(C=C1)CC(=O)N)O
cid_944,CC(C)NCC(COC1=CC=C(C=C1)CCOC)O
cid_945,CC(C)NCC(COC1=CC=C(C=C1)CCOCC2CC2)O
cid_946,CC(C)NCC(COC1=CC=C(C=C1)COCCOC(C)C)O
cid_947,CC(C)NCC(COC1=CC=CC2=C1C=CN2)O
cid_948,CC(C)NCC(COC1=CC=CC2=CC=CC=C21)O
cid_949,CC(C)NCC(COC1=CC=CC=C1CC=C)O
cid_950,CC(C)NCCO
cid_951,CC(C)O
cid_952,CC(C)OC(=O)C
cid_953,CC(C)OP(=O)(OC(C)C)F
cid_954,CC(C)[C@@H](C(=O)N1CCCC1)N
cid_955,CC(C)[C@@H](C(=O)O)N
cid_956,CC(C)[C@@H](CO)NC1=NC2=C(C(=N1)NC3=CC(=CC(=C3)N)Cl)N=CN2C(C)C
cid_957,CC(C)[C@H](C(=O)NO)N(CC1=CN=CC=C1)S(=O)(=O)C2=CC=C(C=C2)OC
cid_958,CC(C)[C@H](CO)NC1=NC2=C(C(=N1)NC3=CC(=C(C=C3)C(=O)O)Cl)N=CN2C(C)C
cid_959,CC(C)[C@H](CO)NC1=NC2=C(C(=N1)NC3=CC(=CC=C3)Cl)N=CN2C(C)C
cid_960,CC(C)[C@H](NS(=O)(=O)C1=CC=C(C=C1)C2=CC=C(C=C2)OC)P(=O)(O)O
cid_961,CC(C)[N+](=O)[O-]
cid_962,CC(C)[N+]1(C2CCC1CC(C2)OC(=O)C(CO)C3=CC=CC=C3)C
cid_963,CC(C1CCC(C(O1)OC2C(CC(C(C2O)OC3C(C(C(CO3)(C)O)NC)O)N)N)N)NC
cid_964,CC(C1CCC2C1(CCC3C2CCC4C3(CCC(C4)O)C)C)O
cid_965,CC(C=O)C(=O)O
cid_966,CC(C=O)O
cid_967,CC(CC(=O)C(=O)O)O
cid_968,CC(CC(=O)O)(C(=O)O)O
cid_969,CC(CC(=O)O)(CC(=O)O)O
cid_970,CC(CC(=O)O)C(=O)O
cid_971,CC(CC(=O)O)O
cid_972,CC(CC(C(=O)O)N)C(=O)O
cid_973,CC(CC(C)(C)O)O
cid_974,CC(CC1=CC(=C(C=C1)O)O)C(C)CC2=CC(=C(C=C2)O)O
cid_975,CC(CC1=CC2=C(C=C1)OCO2)NC
cid_976,CC(CC1=CC=C(C=C1)Cl)N
cid_977,CC(CC1=CC=C(C=C1)O)N
cid_978,CC(CC1=CC=C(C=C1)O)NC
cid_979,CC(CC1=CC=C(C=C1)O)NCC(C2=CC(=CC(=C2)O)O)O
cid_980,CC(CC1=CC=CC=C1)N
cid_981,CC(CC1=CC=CC=C1)N(C)CC#C
cid_982,CC(CC1=CC=CC=C1)NC2=NC=NC3=C2N=CN3C4C(C(C(O4)CO)O)O
cid_983,CC(CC1=CNC2=CC=CC=C21)N
cid_984,CC(CC=O)O
cid_985,CC(CCC(=O)NCCS(=O)(=O)O)[C@H]1CC[C@@H]2[C@@]1(CC[C@H]3[C@H]2[C@@H](C[C@H]4[C@@]3(CC[C@H](C4)O)C)O)C
cid_986,CC(CCC(=O)O)C1CCC2C1(C(CC3C2C(CC4C3(CCC(C4)O)C)O)O)C
cid_987,CC(CCC(=O)O)[C@H]1CC[C@@H]2[C@@]1([C@H](C[C@H]3[C@H]2CC[C@H]4[C@@]3(CC[C@H](C4)O)C)O)C
cid_988,CC(CCC1=CC=C(C=C1)O)NCCC2=CC(=C(C=C2)O)O
cid_989,CC(CCC1=CC=CC=C1)NCC(C2=CC(=C(C=C2)O)C(=O)N)O
cid_990,CC(CCCN)(C(=O)O)N
cid_991,CC(CCCN)NC1=C2C(=CC(=C1)OC)C=CC=N2
cid_992,CC(CCO)O
cid_993,CC(CCOP(=O)(O)O)(CC(=O)O)O
cid_994,CC(CN)O
cid_995,CC(CN1C2=CC=CC=C2CCC3=CC=CC=C31)CN(C)C
cid_996,CC(CN1C2=CC=CC=C2SC3=CC=CC=C31)CN(C)C
cid_997,CC(CN1C2=CC=CC=C2SC3=CC=CC=C31)N(C)C
cid_998,CC(CNCC(C)O)O
cid_999,CC(CO)C(=O)O
cid_1000,CC(CO)N
cid_1001,CC(CO)O
cid_1002,CC(COC1=CC=CC=C1)N(CCCl)CC2=CC=CC=C2
cid_1003,CC(C[N+](C)(C)C)OC(=O)C
cid_1004,CC/C(=C(/CC)\C1=CC=C(C=C1)O)/C2=CC=C(C=C2)O
cid_1005,CC/C=C\C/C=C\C/C=C\C/C=C\C/C=C\C=C\[C@H](CCC(=O)O)O
cid_1006,CC/C=C\C/C=C\C/C=C\C/C=C\C=C\[C@@H](CCCC(=O)O)O
cid_1007,CC1(C(=O)N(C(=O)O1)C)C
cid_1008,CC1(C(=O)N2C(C(=O)N3CCCC3C2(O1)O)CC4=CC=CC=C4)NC(=O)C5CC6C(CC7=CNC8=CC=CC6=C78)N(C5)C
cid_1009,CC1(C(=O)N2C(C(=O)N3CCCC3C2(O1)O)CC4=CC=CC=C4)NC(=O)C5CN(C6CC7=CNC8=CC=CC(=C78)C6=C5)C
cid_1010,CC1(C(=O)NC2=C(O1)C=CC(=N2)NC3=NC(=NC=C3F)NC4=CC(=C(C(=C4)OC)OC)OC)C
cid_1011,CC1(C2CCC(O1)(CC2)C)C
cid_1012,CC1(CCC=[N+]1[O-])C
cid_1013,CC1(COC(C(C1NC)O)OC2C(CC(C(C2O)OC3C(C(C(C(O3)CN)O)O)O)N)NC(=O)C(CN)O)O
cid_1014,CC1([C@@H](N(CCS1)S(=O)(=O)C2=CC=C(C=C2)OCC#CCN)C(=O)NO)C
cid_1015,CC1([C@@H](N2[C@H](S1)[C@@H](C2=O)NC(=O)C3(CCCCC3)N)C(=O)O)C
cid_1016,CC1([C@@H](N2[C@H](S1)[C@@H](C2=O)NC(=O)C3=C(C=CC=C3OC)OC)C(=O)O)C
cid_1017,CC1([C@@H](N2[C@H](S1)[C@@H](C2=O)NC(=O)CC3=CC=CC=C3)C(=O)O)C
cid_1018,CC1([C@@H](N2[C@H](S1)[C@@H](C2=O)NC(=O)[C@@H](C3=CC=CC=C3)N)C(=O)O)C
cid_1019,CC12CCC(=O)C=C1CCC3C2CCC4(C3CC[C@]4(C#C)O)C
cid_1020,CC12CCC3C(C1CCC2=O)CCC4=C3C=CC(=C4)OS(=O)(=O)O
cid_1021,CC12CCC3C(C1CCC2OC(=O)CCC4CCCC4)CCC5=CC(=O)CCC35C
cid_1022,CC1=C(C(=CC=C1)C)C2=CC(=CC(=C2)OC)[C@@H](C)C#CC3=C(N=C(N=C3N)N)C
cid_1023,CC1=C(C(=CC=C1)C)N
cid_1024,CC1=C(C(=CC=C1)Cl)NC(=O)C2=CN=C(S2)NC3=NC(=NC(=C3)N4CCN(CC4)CCO)C
cid_1025,CC1=C(C(=NC(=N1)N)N)C#CC(C)(C)C2=CC(=C(C(=C2)OC)OC)OC
cid_1026,CC1=C(C(=NC(=N1)N)N)C#C[C@@H](C)C2=CC(=C(C=C2)C3=CC=CC=C3)OC
cid_1027,CC1=C(C(=NC(=N1)N)N)C#C[C@H](C)C2=CC(=CC(=C2)C3=CC=CC=C3)OC
cid_1028,CC1=C(C(=NC(=N1)N)N)C2=CC(=C(C=C2)Cl)Cl
cid_1029,CC1=C(C(=NO1)C2=CC=CC=C2)C(=O)NC3C4N(C3=O)C(C(S4)(C)C)C(=O)[O-]
cid_1030,CC1=C(C(=NO1)C2=CC=CC=C2Cl)C(=O)N[C@H]3[C@@H]4N(C3=O)[C@H](C(S4)(C)C)C(=O)O
cid_1031,CC1=C(C(=O)C2=C(C1=O)N3CC(CC3=C2COC(=O)N)N)N
cid_1032,CC1=C(C(=O)C2=CC=CC=C2C1=O)CCCCCC(=O)O
cid_1033,CC1=C(C(=O)N2CCCC(C2=N1)O)CCN3CCC(CC3)C4=NOC5=C4C=CC(=C5)F
cid_1034,CC1=C(C(=O)N2CCCCC2=N1)CCN3CCC(CC3)C4=NOC5=C4C=CC(=C5)F
cid_1035,CC1=C(C(=O)NO1)C[C@@H](C(=O)O)N
cid_1036,CC1=C(C(C(=C(N1)C)C(=O)OC)C2=CC=CC=C2[N+](=O)[O-])C(=O)OC
cid_1037,CC1=C(C(CCC1)(C)C)/C=C/C(=C/C=C/C(=C/C(=O)O)/C)/C
cid_1038,CC1=C(C2=CC3=NC(=CC4=C(C(=C([N-]4)C=C5C(=C(C(=N5)C=C1[N-]2)C)CCC(=O)O)CCC(=O)O)C)C(=C3C)C=C)C=C
cid_1039,CC1=C(C2=CC=CC=C2N1)CCNC(=O)C3=CC=CS3
cid_1040,CC1=C(C=C(C(=O)N1)C#N)C2=CC=NC=C2
cid_1041,CC1=C(C=C(C=C1)C(=O)NC)N2C(=CC(=C(C2=O)Br)OCC3=C(C=C(C=C3)F)F)C
cid_1042,CC1=C(C=C(C=C1)C(=O)NC)NC2=NC=NC3=C2C=NN3C4=CC=CC=C4
cid_1043,CC1=C(C=C(C=C1)C(=O)NC2=CC(=CC(=C2)N3C=C(N=C3)C)C(F)(F)F)NC4=NC=CC(=N4)C5=CN=CC=C5
cid_1044,CC1=C(C=C(C=C1)C(=O)NC2=CC=CC(=C2)C(F)(F)F)NC3=CN=CC(=C3)C(=O)N
cid_1045,CC1=C(C=C(C=C1)C(=O)NC2CC2)C3=C(C=C(C=C3)C4=NN=C(O4)C)C
cid_1046,CC1=C(C=C(C=C1)C(=O)NC2CC2)C3=CC=C(C=C3)C(=O)NCC4CC4
cid_1047,CC1=C(C=C(C=C1)C2=NN=C(O2)C)C3=CC=C(C=C3)C(=O)NC4=CC=CC(=C4)C#N
cid_1048,CC1=C(C=C(C=C1)C2=NN=C(O2)C)C3=CC=C(C=C3)C(=O)NCC4CC4
cid_1049,CC1=C(C=C(C=C1)NC(=O)C2=CC=C(C=C2)CN3CCN(CC3)C)NC4=NC=CC(=N4)C5=CN=CC=C5
cid_1050,CC1=C(C=C(C=C1)O)NC2=C3C=CC(=CC3=NC=C2)C4=CSC(=N4)C=O
cid_1051,CC1=C(C=C2C(=C1)C(CCC2(C)C)(C)C)C3(CC3)C4=NC=C(C=C4)C(=O)O
cid_1052,CC1=C(C=C2C(=C1)C[C@@H](NS2(=O)=O)C3CCCC3)S(=O)(=O)N4CCN(CC4)C
cid_1053,CC1=C(C=CC(=C1)O)O
cid_1054,CC1=C(C=CC(=C1C)OCCCC(=O)O)NC(=O)NC(=O)C2=C(C=C(C=C2)Cl)Cl
cid_1055,CC1=C(C=CC2=C3C4=CC(=C(C=C4N=CC3=C(N=C12)N)OC)OC)N
cid_1056,CC1=C(C=CC=C1OCCCCC(=O)O)NC(=O)NC(=O)C2=C(C=C(C=C2)Cl)Cl
cid_1057,CC1=C(C=CC=[N+]1CC2=CN=C(N=C2N)C)CCOP(=O)(O)OP(=O)(O)O
cid_1058,CC1=C(C=NO1)C(=O)NC2=CC=C(C=C2)C(F)(F)F
cid_1059,CC1=C(N2C(C(C2=O)NC(=O)C(C3=CC=C(C=C3)O)N)SC1)C(=O)O
cid_1060,CC1=C(N2C(C(C2=O)NC(=O)C(C3=CC=CC=C3)N)SC1)C(=O)O
cid_1061,CC1=C(N2C=CC=CC2=N1)C3=NC(=NC=C3)NC4=CC=C(C=C4)OC[C@H](CN(C)C)O
cid_1062,CC1=C(N=C2C=CC(=CC2=C1C(=O)O)F)C3=CC=C(C=C3)C4=CC=CC=C4
cid_1063,CC1=C(N=C2C=CC(=CC2=C1C(=O)O)F)C3=CC=C(C=C3)C4=CC=CC=C4F
cid_1064,CC1=C(N=CN1)CN2CCC3=C(C2=O)C4=CC=CC=C4N3C
cid_1065,CC1=C(NC(=C1C(=O)NC)C)/C=C\2/C3=C(C=CC(=C3)Cl)NC2=O
cid_1066,CC1=C(OC2=C(C1=O)C=C(C=C2)O)C3=CC(=C(C(=C3)Br)O)Br
cid_1067,CC1=C(OC2=C1C(=CC=C2)OCCCNCC3=CN=CC=C3)C(=O)C4=NC=CN4C
cid_1068,CC1=C(SC(=N1)C)C2=NC(=NC=C2)/N=C/NO
cid_1069,CC1=C(SC(=N1)C)C2=NC(=NC=C2)NC3=CC=C(C=C3)C(F)(F)F
cid_1070,CC1=C(SC(=N1)C2=CC=C(C=C2)C(F)(F)F)C(=O)NCC3=CC=C(C=C3)OC(C)(C)C(=O)O
cid_1071,CC1=C(SC(=N1)N)C2=NC(=NC=C2)NC3=CC(=CC=C3)[N+](=O)[O-]
cid_1072,CC1=C(SC(=N1)NC(=O)C)C2=CC(=C(C=C2)Cl)S(=O)(=O)NCCO
cid_1073,CC1=C(SC(=N1)NC)C2=NC(=NC=C2)NC3=CC=C(C=C3)O
cid_1074,CC1=C(SC=[N+]1CC2=CN=C(N=C2N)C)CCO
cid_1075,CC1=C(SCCO1)C(=O)NC2=CC=CC=C2
cid_1076,CC1=C2C(=NC(=NC2=NC=C1CC3=C(C=CC(=C3)OC)OC)N)N
cid_1077,CC1=C2C=C(C=CC2=NN1)C3=CC(=CN=C3)OC[C@H](CC4=CC=CC=C4)N
cid_1078,CC1=C2C=C(C=CC2=NN1)C3=CC(=CN=C3)OC[C@H](CC4=CNC5=CC=CC=C54)N
cid_1079,CC1=C2C=CC3=CC=CC=C3C2=C(C4=CC=CC=C14)C
cid_1080,CC1=C2C=CN(C2=CC=C1)[C@H]3C[C@@H]([C@H](O3)COP(=O)(O)O)O
cid_1081,CC1=C2CCC3=C2C(=CC4=C3C=CC5=CC=CC=C54)C=C1
cid_1082,CC1=C2[C@H](C(=O)[C@@]3([C@H](C[C@@H]4[C@]([C@H]3[C@@H]([C@@](C2(C)C)(C[C@@H]1OC(=O)[C@@H]([C@H](C5=CC=CC=C5)NC(=O)C6=CC=CC=C6)O)O)OC(=O)C7=CC=CC=C7)(CO4)OC(=O)C)O)C)OC(=O)C
cid_1083,CC1=CC(=C(C(=C1CC2=NCCN2)C)O)C(C)(C)C
cid_1084,CC1=CC(=C(C=C1)C(C)C)O
cid_1085,CC1=CC(=C(C=C1)O)O
cid_1086,CC1=CC(=C2C(=C1)C(=O)C3=CC(=CC(=C3C2=O)O)O)O
cid_1087,CC1=CC(=CC(=C1)C2=NC3=CC=CC=C3O2)C
cid_1088,CC1=CC(=CC(=C1CC2=CC(=C(C=C2)O)C(C)C)C)OCC(=O)O
cid_1089,CC1=CC(=CC(=C1CC2=CC(=C(C=C2)O)CC3=CC=CC=C3)C)OCC(=O)O
cid_1090,CC1=CC(=CC(=C1CC2=NCCN2)C)C(C)(C)C
cid_1091,CC1=CC(=CC(=C1O)C)/C=C/C2=CC=CC=C2
cid_1092,CC1=CC(=CC=C1)NC2=NC(=NC=C2C(=O)N)N[C@@H]3CCCC[C@@H]3N
cid_1093,CC1=CC(=NN1)NC2=NC(=NC3=CC=CC=C32)C4=CC=CC=C4
cid_1094,CC1=CC(=NO1)NS(=O)(=O)C2=CC=C(C=C2)N
cid_1095,CC1=CC(=O)NC(=O)N1
cid_1096,CC1=CC(=O)OC2=C1C=CC(=C2)N
cid_1097,CC1=CC(NC2=CC=CC=C12)(C)C
cid_1098,CC1=CC2=C(C=C1)N(C3=C2CCCC3)C[C@H](CNC4CCCCC4)O
cid_1099,CC1=CC2=C(C=C1C)N(C3=NC(=O)NC(=O)C3=N2)CC(C(C(COP(=O)(O)OP(=O)(O)OCC4C(C(C(O4)N5C=NC6=C5N=CN=C6N)O)O)O)O)O
cid_1100,CC1=CC2=C(C=C1C)N(C3=NC(=O)NC(=O)C3=N2)C[C@@H]([C@@H]([C@@H](CO)O)O)O
cid_1101,CC1=CC2=C(C=C1C)N(C3=NC(=O)NC(=O)C3=N2)C[C@@H]([C@@H]([C@@H](COP(=O)(O)OP(=O)(O)OC[C@@H]4[C@H]([C@H]([C@@H](O4)N5C=NC6=C5N=CN=C6N)O)O)O)O)O
cid_1102,CC1=CC2=C(C=C1C)N(C3=NC(=O)NC(=O)C3=N2)C[C@H]([C@H]([C@H](COP(=O)(O)OP(=O)(O)OC[C@@H]4[C@H]([C@H]([C@@H](O4)N5C=NC6=C5N=CN=C6N)O)O)O)O)O
cid_1103,CC1=CC2=C(C=C1S(=O)(=O)N3CCN(CC3)C)S(=O)(=O)N[C@H](N2)C4CCCC4
cid_1104,CC1=CC2=C(S1)C3=C(N2C)C(=O)N(N=C3)CC4=CC=CC=C4F
cid_1105,CC1=CC=C(C=C1)C(=O)C(C)CN2CCCCC2
cid_1106,CC1=CC=C(C=C1)C2=C(N3C=C(C=CC3=N2)C)CC(=O)N(C)C
cid_1107,CC1=CC=C(C=C1)C2=NN(C3=C2C(=NC=N3)N)C(C)(C)C
cid_1108,CC1=CC=C(C=C1)N(CC2=NCCN2)C3=CC(=CC=C3)O
cid_1109,CC1=CC=C(C=C1)N2C(=CC(=N2)C(C)(C)C)NC(=O)NC3=CC=C(C4=CC=CC=C43)OCCN5CCOCC5
cid_1110,CC1=CC=C(C=C1)O
cid_1111,CC1=CC=C(C=C1)SC2=CC=CC3=C2C(=NC(=N3)N)N
cid_1112,CC1=CC=C(CC1)C(C)C
cid_1113,CC1=CC=CC(=C1O)C(=O)O
cid_1114,CC1=CC=CC(=N1)C2=C(CNN2)C3=NC4=C(C=C3)N=CC=C4
cid_1115,CC1=CC=CC(=N1)C2=NC3=CC=CC=C3C(=N2)NC4=CC5=C(C=C4)NN=C5
cid_1116,CC1=CC=CC2=C1C(=O)N(C2=O)C3=C(C=CC(=C3)C4=CC=CC=C4)O
cid_1117,CC1=CC=CC2=C1C(=O)N(C2=O)C3=CC=C(C=C3)C#N
cid_1118,CC1=CC=CC2=C1CCNC2=O
cid_1119,CC1=CC=CC=C1C(C2=CC=CC=C2)OCCN(C)C
cid_1120,CC1=CC=CC=C1C2=NC3=C(C=NN3C(=C2)NCC4=C[N+](=CC=C4)[O-])Br
cid_1121,CC1=CC=CC=C1CC(=O)NC2=CC(=C(C(=C2)C)S(=O)(=O)NCC(=O)O)C
cid_1122,CC1=CC=CC=C1N
cid_1123,CC1=CC=CC=C1N2CCN(CC2)CCC3=NN=C4N3CCCC4
cid_1124,CC1=CC=CC=C1NC(=NC2=CC=CC=C2C)N
cid_1125,CC1=CC=CC=C1O
cid_1126,CC1=CC=CC=C1OCC(CO)O
cid_1127,CC1=CC=CC=C1[C@H]2CCCN2C(=O)C3=C(C=C(C=C3)O)O
cid_1128,CC1=CC=CC=C1[N+](=O)[O-]
cid_1129,CC1=CCC(C=C1)C(C)C
cid_1130,CC1=CC[C@H]2C[C@@H]1[C@@H](OC2(C)C)C3=CC=C(C=C3)O
cid_1131,CC1=CC[C@]2(C[C@@H]1[C@H](OC2)C3=CC=C(C=C3)O)CO
cid_1132,CC1=CN(C(=O)N=C1N)[C@H]2CC([C@H](O2)CO)O
cid_1133,CC1=CN(C(=O)NC1=O)C2CCC(O2)CO
cid_1134,CC1=CN(C(=O)NC1=O)[C@H]2CC[C@H](O2)COP(=O)(O)O
cid_1135,CC1=CN(C(=O)NC1=O)[C@H]2C[C@@H]([C@H](O2)CO)N=[N+]=[N-]
cid_1136,CC1=CN(C(=O)NC1=O)[C@H]2C[C@@H]([C@H](O2)CO)O
cid_1137,CC1=CN(C(=O)NC1=O)[C@H]2C[C@@H]([C@H](O2)COP(=O)(O)O)S
cid_1138,CC1=CN=C(N=C1N)C
cid_1139,CC1=CNC2=CC=CC=C12
cid_1140,CC1=NC(=NC2=C1CSCC2)N
cid_1141,CC1=NC(=NN1)C2=CC=CC=C2NC3=NC=NC4=C3C=CN4
cid_1142,CC1=NC(=NN1C2=CC(=CC(=C2)Cl)Cl)C(=O)O
cid_1143,CC1=NC(=O)C2=C(N1)C(=CC=C2)O
cid_1144,CC1=NC(=O)C2=C(N1)C=CC(=C2)CN(C)C3=CC=C(S3)C(=O)N[C@@H](CCC(=O)O)C(=O)O
cid_1145,CC1=NC2=C(N1)CCN(C3=CC=CC=C32)C(=O)C4=CC=C(C=C4)NC(=O)C5=CC=CC=C5C6=CC=CC=C6
cid_1146,CC1=NC2=CC=CC=C2C(=C1)COC3=CC=C(C=C3)C[C@@]4(C[C@@H]4C(=O)NO)C(=O)OC
cid_1147,CC1=NC2=CC=CC=C2C(=C1)COC3=CC=C(C=C3)[C@@]4(CCN(C4=O)[C@H](C)C(=O)NO)C
cid_1148,CC1=NC=C(C(=C1O)C=O)CO
cid_1149,CC1=NC=C(C(=C1O)C=O)COP(=O)(O)O
cid_1150,CC1=NC=C(C(=C1O)CN)COP(=O)(O)O
cid_1151,CC1=NC=C(C(=C1O)CNOCC(=O)O)COP(=O)(O)O
cid_1152,CC1=NC=C(C(=C1O)CN[C@H](C)C(=O)O)COP(=O)(O)O
cid_1153,CC1=NC=C(C(=N1)N)CN
cid_1154,CC1=NC=C(N1C(C)C)C2=NC(=NC=C2F)NC3=CC=C(C=C3)C(=O)N4CC[C@@H](C4)N(C)C
cid_1155,CC1=NC=C(N1C2CC2)C3=NC(=NC=C3)NC4=CC=C(C=C4)S(=O)(=O)NC
cid_1156,CC1=NC=CN1CC2CCC3=C(C2=O)C4=CC=CC=C4N3C
cid_1157,CC1=NN(C2=C1C(=O)C3=C(N2O)C=CC(=C3)Cl)C
cid_1158,CC1=NN(C2=CC(=NC=C12)N[C@@H](C)C3=CC=CC=C3)C4=CC=CC(=C4)CCC(=O)N
cid_1159,CC1=[N+](C2=CC=CC=C2C(=C1)N)CCCCCCCCCC[N+]3=C(C=C(C4=CC=CC=C43)N)C
cid_1160,CC1C(C(C(C(O1)OP(=O)(O)OP(=O)(O)OCC2C(C(C(O2)N3C=NC4=C3NC(=NC4=O)N)O)O)O)O)O
cid_1161,CC1CC2C3CCC4=CC(=O)C=CC4(C3C(=O)CC2([C@]1(C(=O)CO)O)C)C
cid_1162,CC1CCC2(C3(CC4(C5(C(C(C3(C5(C2(C1O)O4)O)O)OC(=O)C6=CC=CN6)(C(C)C)O)C)O)C)O
cid_1163,CC1CCCO1
cid_1164,CC1CCN=C(S1)N
cid_1165,CC1CO1
cid_1166,CC1[C@@H](C(C([C@H](O1)O[C@H]2C[C@H]([C@@]3(C4C(CC[C@@]3(C2)O)[C@]5(CCC([C@]5(CC4O)C)C6CC(=O)OC6)O)CO)O)O)O)O
cid_1167,CC=C(C)C=CC=C(C)C=CC1=C(CCCC1(C)C)C
cid_1168,CCC#N
cid_1169,CCC(=C)C(=O)C1=C(C(=C(C=C1)OCC(=O)O)Cl)Cl
cid_1170,CCC(=O)C
cid_1171,CCC(=O)C(=O)O
cid_1172,CCC(=O)C(CC(C)N(C)C)(C1=CC=CC=C1)C2=CC=CC=C2
cid_1173,CCC(=O)C1=CC=CC=C1
cid_1174,CCC(=O)CC
cid_1175,CCC(=O)N
cid_1176,CCC(=O)O
cid_1177,CCC(=O)O[C@H]1CC[C@@H]2[C@@]1(CC[C@H]3[C@H]2CCC4=CC(=O)CC[C@]34C)C
cid_1178,CCC(C(=O)C)(C(=O)O)O
cid_1179,CCC(C(=O)O)N
cid_1180,CCC(C(=O)O)O
cid_1181,CCC(C)(C#C)O
cid_1182,CCC(C)(C)C(=O)C(=O)N1CCC[C@H]1C(=O)OCCCC2=CN=CC=C2
cid_1183,CCC(C)C
cid_1184,CCC(C)C(=O)C(=O)O
cid_1185,CCC(C)C(=O)O
cid_1186,CCC(C)C(C(=O)O)N
cid_1187,CCC(C)CO
cid_1188,CCC(C)N1C(=O)C(=C(NC1=O)C)Br
cid_1189,CCC(C)O
cid_1190,CCC(C)OC(=O)C
cid_1191,CCC(C1=CC=CC=C1)C(=O)O
cid_1192,CCC(C1=CC=CC=C1)O
cid_1193,CCC(CC)N1C=CC2=C1C=CC3=C2C(=NC(=N3)N)N
cid_1194,CCC(CO)(CO)CO
cid_1195,CCC/C(=C/C1=CC=C(O1)C2=CC(=CC=C2)C(=O)O)/[N+](=O)[O-]
cid_1196,CCC1=C(C(=NC(=N1)N)N)C#CCC2=C(C=CC(=C2)OC)OC
cid_1197,CCC1=C(C(=NC(=N1)N)N)C2=CC=C(C=C2)Cl
cid_1198,CCC1=C(C(=NC(=N1)N)N)C2=CC=CC=C2
cid_1199,CCC1=C(C2=C(O1)C=C(C=C2)S(=O)(=O)NC3=CC=C(C=C3)S(=O)(=O)N)C(=O)C4=CC(=C(C(=C4)Br)O)Br
cid_1200,CCC1=C(C2=C(O1)C=C(C=C2)S(=O)(=O)NC3=CC=C(C=C3)S(=O)(=O)NC4=NC=CS4)C(=O)C5=CC(=C(C(=C5)Br)O)Br
cid_1201,CCC1=C(NC2=C1C(=O)C(CC2)CN3CCOCC3)C
cid_1202,CCC1=CC(=C(C=C1OC)CC(C)N)OC
cid_1203,CCC1=CC=CC=C1
cid_1204,CCC1=CN=C(C=C1)CCOC2=CC=C(C=C2)CC3C(=O)NC(=O)S3
cid_1205,CCC1=NN(C(=O)N1CCOC2=CC=CC=C2)CCCN3CCN(CC3)C4=CC(=CC=C4)Cl
cid_1206,CCCC(=O)C
cid_1207,CCCC(=O)NC1=NC=NC2=C1N=CN2[C@H]3[C@@H]([C@H]4[C@H](O3)COP(=O)(O4)O)OC(=O)CCC
cid_1208,CCCC(=O)O
cid_1209,CCCC(C(=O)O)N
cid_1210,CCCC(CCC)C(=O)O
cid_1211,CCCC1=C(C=CC2=C1ON=C2C(F)(F)F)OCCCOC3=CC4=C(C=C3)N(C=C4)CC(=O)O
cid_1212,CCCC1=NC(=C2N1NC(=NC2=O)C3=C(C=CC(=C3)S(=O)(=O)N4CCN(CC4)CC)OCC)C
cid_1213,CCCC1=NC2=C(C=C(C=C2N1CC3=CC=C(C=C3)C4=CC=CC=C4C(=O)O)C5=NC6=CC=CC=C6N5C)C
cid_1214,CCCC1=NN(C2=C1NC(=NC2=O)C3=C(C=CC(=C3)S(=O)(=O)N4CCN(CC4)C)OCC)C
cid_1215,CCCC1=N[C@@H]2[C@H]([C@@H]([C@H](O[C@@H]2S1)CO)O)O
cid_1216,CCCC=O
cid_1217,CCCCC
cid_1218,CCCCC(=O)O
cid_1219,CCCCC(C(=O)O)N
cid_1220,CCCCC(C=O)NC(=O)C(CC(C)C)NC(=O)C(CC(C)C)NC(=O)C
cid_1221,CCCCC(CC)C(=O)O
cid_1222,CCCCC(CC)C(=O)[O-]
cid_1223,CCCCC(CC)CO
cid_1224,CCCCC(CC)COC(=O)CCCCC(=O)OCC(CC)CCCC
cid_1225,CCCCC/C=C/C=C\1/[C@H](C=CC1=O)C/C=C/CCCC(=O)O
cid_1226,CCCCC/C=C\C/C=C\[C@@H](CC(=O)CCCCC(=O)O)O
cid_1227,CCCCC1=C2C(=NC=CN2)NC1=C3C=CC(=O)C=C3
cid_1228,CCCCCC
cid_1229,CCCCCC(=O)O
cid_1230,CCCCCC(C=CC1C(CC(=O)C1CC=CCCCC(=O)O)O)O
cid_1231,CCCCCC1=CC2=C([C@@H]3C=C(CC[C@H]3C(O2)(C)C)C)C(=C1)O
cid_1232,CCCCCC=CCC=CCCCCCCCC(=O)O
cid_1233,CCCCCC=O
cid_1234,CCCCCCC(=O)O
cid_1235,CCCCCCC(=O)O[C@H]1CC[C@@H]2[C@@]1(CC[C@H]3[C@H]2CCC4=CC(=O)CC[C@]34C)C
cid_1236,CCCCCCC(C(C)O)N1C=NC2=C1N=CN=C2N
cid_1237,CCCCCCC(C)(C)C1=CC2=C([C@@H]3CC(=O)CC[C@H]3C(O2)(C)C)C(=C1)O
cid_1238,CCCCCCCC
cid_1239,CCCCCCCC(=O)O
cid_1240,CCCCCCCC(=O)OCC
cid_1241,CCCCCCCC/C=C/CCCCCCCC(=O)O
cid_1242,CCCCCCCC=O
cid_1243,CCCCCCCCC(=O)O
cid_1244,CCCCCCCCCC(=O)O
cid_1245,CCCCCCCCCC(=O)O[C@H]1CC[C@@H]2[C@@]1(CC[C@H]3[C@H]2CCC4=CC(=O)CC[C@H]34)C
cid_1246,CCCCCCCCCC=O
cid_1247,CCCCCCCCCCC(=O)O
cid_1248,CCCCCCCCCCC=O
cid_1249,CCCCCCCCCCCC(=O)O
cid_1250,CCCCCCCCCCCC(=O)OCC
cid_1251,CCCCCCCCCCCC(CC1C(C(=O)O1)CCCCCC)OC(=O)C(CC(C)C)NC=O
cid_1252,CCCCCCCCCCCCC/C=C/[C@H]([C@H](CO[C@H]1[C@@H]([C@H]([C@H]([C@H](O1)CO)O)OS(=O)(=O)O)O)NC(=O)CCCCCCCCCCCCC/C=C\CCCCCCCC)O
cid_1253,CCCCCCCCCCCCCC(=O)OC(C)C
cid_1254,CCCCCCCCCCCCCC(=O)SCCNC(=O)CCNC(=O)C(C(C)(C)COP(=O)(O)OP(=O)(O)OCC1C(C(C(O1)N2C=NC3=C2N=CN=C3N)O)OP(=O)(O)O)O
cid_1255,CCCCCCCCCCCCCCCC(=O)NCCO
cid_1256,CCCCCCCCCCCCCCCC(=O)O
cid_1257,CCCCCCCCCCCCCCCC(=O)OCC(COC(=O)CCCCCCCCCCCCCCC)OC(=O)CCCCCCCCCCCCCCC
cid_1258,CCCCCCCCCCCCCCCC=O
cid_1259,CCCCCCCCCCCCCCCCCC(=O)O
cid_1260,CCCCCCCCCCCCCCCCCC(=O)OC
cid_1261,CCCCCCCCCCCCCCCCCC(=O)OCC(CO)OC(=O)CCCCCCCC=CCC=CCCCCC
cid_1262,CCCCCCCCCCCCCCCCCC(=O)OC[C@H](COP(=O)(O)OCC(COP(=O)(O)OC[C@@H](COC(=O)CCCCCCCCCCCCCCCCC)OC(=O)CCCCCCCCCCCCCCCCC)O)OC(=O)CCCCCCCCCCCCCCCCC
cid_1263,CCCCCCCCCCCCCCCCCCCCCC(=O)O
cid_1264,CCCCCCCCCCCCCCCCCCO
cid_1265,CCCCCCCCCCCCCCCCCCOCC(COP(=O)([O-])OCC[N+](C)(C)C)OC
cid_1266,CCCCCCCCCCCCCCCCO
cid_1267,CCCCCCCCCCCCCCCCOCC(COP(=O)([O-])OCC[N+](C)(C)C)OC(=O)NC
cid_1268,CCCCCCCCCCCCCCCCS(=O)(=O)O
cid_1269,CCCCCCCCCCCCCCCC[N+](C)(C)C
cid_1270,CCCCCCCCCCCCCCO
cid_1271,CCCCCCCCCCCCO
cid_1272,CCCCCCCCCCCCSC1=NNN=C1C(=O)O
cid_1273,CCCCCCCCCCC[C@@H](C[C@H]1[C@@H](C(=O)O1)CCCCCC)OC(=O)[C@H](CC(C)C)NC=O
cid_1274,CCCCCCCCCCO
cid_1275,CCCCCCCCCCOC[C@@H](COCC(F)(F)F)OP(=O)(O)OC
cid_1276,CCCCCCCCCC[N+](C)(C)[O-]
cid_1277,CCCCCCCCN
cid_1278,CCCCCCCCNC(C)C(C1=CC=C(C=C1)SC(C)C)O
cid_1279,CCCCCCCCN[C@@H]1C=C([C@H]([C@@H]([C@H]1O)O)O)CO
cid_1280,CCCCCCCCO
cid_1281,CCCCCCCCOCCOCCOCCOCCOCCO
cid_1282,CCCCCCCCS[C@H]1[C@@H]([C@H]([C@@H]([C@H](O1)CO)O)O)O
cid_1283,CCCCCCCO
cid_1284,CCCCCCCO[C@H]1[C@@H]([C@H]([C@@H]([C@H](O1)CO)O)O)O
cid_1285,CCCCCCC[N+](CC)(CC)CCCCC1=CC=C(C=C1)Cl
cid_1286,CCCCCCO
cid_1287,CCCCCCO[C@H]1[C@@H]([C@H]([C@H]([C@H](O1)CO)O)O)O
cid_1288,CCCCCC[C@H]([C@H](C)O)N1C=NC2=C1N=CN=C2N
cid_1289,CCCCCN(C)CCC(O)(P(=O)(O)O)P(=O)(O)O
cid_1290,CCCCCO
cid_1291,CCCCC[C@@H](/C=C/C=C\CCCCCCCC(=O)O)O
cid_1292,CCCCC[C@@H](/C=C/[C@@H]1[C@H]([C@H](CC1=O)O)C/C=C\CCCC(=O)O)O
cid_1293,CCCCC[C@H](CC(=O)NO)C(=O)N[C@@H](C(C)C)C(=O)N1CCC[C@H]1CO
cid_1294,CCCCN(CCCC)CCCC
cid_1295,CCCCN1C(=NC2=C1N=C(N=C2N)F)CC3=C(C=CC(=C3)OC)OC
cid_1296,CCCCN1C(=NC2=C1N=C(N=C2N)F)CC3=CC4=C(C=C3)OCO4
cid_1297,CCCCN1C(=NC2=C1N=CN=C2N)CC3=CC4=C(C=C3)OCO4
cid_1298,CCCCN1C2=C(C(=O)N(C1=O)CC3=CC=CC=C3F)NC(=N2)CC4=CC=C(C=C4)NC(=O)C
cid_1299,CCCCN1C2=C(C(=O)N(C1=O)CC=C)NC(=N2)CC3=CC=C(C=C3)NC(=O)C
cid_1300,CCCCN1CCCCC1C(=O)NC2=C(C=CC=C2C)C
cid_1301,CCCCN1C[C@@H]([C@H]([C@@H]([C@H]1CO)O)O)O
cid_1302,CCCCO
cid_1303,CCCCOC1=C(C=CC(=C1)C[C@@H]2CNC(=O)N2)OC
cid_1304,CCCC[C@@]12CCC(=O)C(=C1C3=C(C2)C=C(C=C3)O)Br
cid_1305,CCCC[C@H](CN(C=O)O)C(=O)N[C@H](C(=O)N(C)C)C(C)(C)C
cid_1306,CCCN
cid_1307,CCCN(CCC)C1CCC2=C(C1)C=C(C=C2)O
cid_1308,CCCN(CCC)CCC1=C2CC(=O)NC2=CC=C1
cid_1309,CCCN(CCC1=CC=CS1)C2CCC3=C(C2)C=CC=C3O
cid_1310,CCCN1C(=NC(=C1C2=NC(=NC=C2)NC3CCCCC3)C4=CC(=C(C=C4)Cl)Cl)C5CCNCC5
cid_1311,CCCN1C2=C(C(=O)N(C1=O)CCC)NC(=N2)C3=CC=C(C=C3)S(=O)(=O)O
cid_1312,CCCN1C2=C(C(=O)N(C1=O)CCC)NC(=N2)C3CCCC3
cid_1313,CCCN1C=NC2=C1C(=O)N(C(=O)N2C)CCCCC(=O)C
cid_1314,CCCN1C[C@@H](C[C@H]2[C@H]1CC3=CNC4=CC=CC2=C34)CSC
cid_1315,CCCN=C(N)NCCCC(C(=O)O)N
cid_1316,CCCNCC(COC1=CC=CC=C1C(=O)CCC2=CC=CC=C2)O
cid_1317,CCCNCCC
cid_1318,CCCO
cid_1319,CCCOC(=O)C1=CC(=C(C(=C1)O)O)O
cid_1320,CCCOC1=C(C=CC(=C1)[C@@]2(CNC(=O)O2)C)OC
cid_1321,CCCOC1=C2C(=CNC2=NC=C1)C3=NC(=NC=C3)N
cid_1322,CCCS(=O)(=O)NC1=C(C(=C(C=C1)F)C(=O)C2=CNC3=NC=C(C=C23)Cl)F
cid_1323,CCN(C)CC1=CN=C(N=C1N)C
cid_1324,CCN(CC)C(=O)C1=CN=CC=C1
cid_1325,CCN(CC)C(=O)C1CN(C2CC3=CNC4=CC=CC(=C34)C2=C1)C
cid_1326,CCN(CC)C(=O)N[C@@H]1CN([C@@H]2CC3=CNC4=CC=CC(=C34)C2=C1)C
cid_1327,CCN(CC)C(=O)[C@H]1CN([C@@H]2CC3=CNC4=CC=CC(=C34)C2=C1)C
cid_1328,CCN(CC)CC#CCOC(=O)C(C1CCCCC1)(C2=CC=CC=C2)O
cid_1329,CCN(CC)CCC1=CNC2=CC=CC=C21
cid_1330,CCN(CC)CCCC(C)NC1=C2C=C(C=CC2=NC3=C1C=CC(=C3)Cl)OC
cid_1331,CCN(CC)CCNC(=O)C1=C(NC(=C1C)/C=C\2/C3=C(C=CC(=C3)Cl)NC2=O)C
cid_1332,CCN(CC)CCNC(=O)C1=C(NC(=C1C)/C=C\2/C3=C(C=CC(=C3)F)NC2=O)C
cid_1333,CCN(CC)CCNC(=O)C1=CC(=C(C=C1OC)N)Cl
cid_1334,CCN(CC)CCO
cid_1335,CCN(CC)CCOC(=O)C1(CCCCC1)C2CCCCC2
cid_1336,CCN(CCCNC1=C2C=C(C=CC2=NC3=C1C=CC(=C3)Cl)OC)CCCl
cid_1337,CCN1C(=O)CCC1=O
cid_1338,CCN1C2=NC=C(C(=C2C=N1)NC3CCOCC3)C(=O)NCC4=CC=CC=C4
cid_1339,CCN1C=NC2=C1N=CN=C2N
cid_1340,CCN1CCCC1CNC(=O)C2=C(C=CC(=C2)S(=O)(=O)N)OC
cid_1341,CCN1CCCC1CNC(=O)C2=CC(=C(C=C2OC)N)S(=O)(=O)CC
cid_1342,CCN1CCC[C@H]1CNC(=O)C2=C(C=CC(=C2OC)Br)OC
cid_1343,CCNC(=O)C1=C(/C(=C/2\C=C(C(=CC2=O)O)Cl)/ON1)C3=CC=C(C=C3)OC
cid_1344,CCNC(=O)C1=CC2=C(N=C(N=C2S1)N)C3=CC(=C(C=C3Cl)Cl)OCCN4CCCC4
cid_1345,CCNC(=O)C1C(C(C(O1)N2C=NC3=C2N=C(N=C3N)NCCC4=CC=C(C=C4)CCC(=O)O)O)O
cid_1346,CCNC(=O)C1C(C(C(O1)N2C=NC3=C2N=CN=C3NCC4=CC=CC=C4)O)O
cid_1347,CCNC(=O)N(CCCN(C)C)C(=O)[C@@H]1C[C@H]2[C@@H](CC3=CNC4=CC=CC2=C34)N(C1)CC=C
cid_1348,CCNC(C)CC1=CC(=CC=C1)C(F)(F)F
cid_1349,CCNC1=C(C=C2C(=C1)OC3=CC(=[NH+]CC)C(=CC3=C2C4=CC=CC=C4C(=O)OCC)C)C
cid_1350,CCNC1=CC=CC=C1
cid_1351,CCNC1CC(S(=O)(=O)C2=C1C=C(S2)S(=O)(=O)N)C
cid_1352,CCNNC(=O)C1C(C(C2=CC3=C(C=C2C1C4=CC(=C(C(=C4)OC)OC)OC)OCO3)O)CO
cid_1353,CCO
cid_1354,CCOC(=O)C(=C)C
cid_1355,CCOC(=O)C(C)C(=O)C
cid_1356,CCOC(=O)C(CCNC(=O)OC(C)(C)C)(CC1=CC=C(C=C1)NS(=O)(=O)O)C(=O)OCC
cid_1357,CCOC(=O)C1=C(N(N=C1C)C2=CC(=CC=C2)[N+](=O)[O-])C
cid_1358,CCOC(=O)C1=C(N(N=C1C)C2=CC=C(C=C2)N)C
cid_1359,CCOC(=O)C1=C(N(N=C1C)C2=CC=C(C=C2)OC)C
cid_1360,CCOC(=O)C1=C(N(N=C1C)C2=CC=CC=C2Cl)C
cid_1361,CCOC(=O)C1=C2CN(C(=O)C3=C(N2C=N1)C=CC(=C3)F)C
cid_1362,CCOC(=O)C1=CC=CC=C1C(=O)OCC
cid_1363,CCOC(=O)C1C(O1)C(=O)NC(CC(C)C)C(=O)NCCC(C)C
cid_1364,CCOC(=O)N1CCC(=C2C3=C(CCC4=C2N=CC=C4)C=C(C=C3)Cl)CC1
cid_1365,CCOC(=O)[C@H](CC1=CC=CC=C1)NC(=O)[C@@H]2CSCCN2S(=O)(=O)C3=CC=C(C=C3)C
cid_1366,CCOC(=O)[C@H](CCC1=CC=CC=C1)N[C@@H](C)C(=O)N2CC3(C[C@H]2C(=O)O)SCCS3
cid_1367,CCOC(=O)[C@H](CCC1=CC=CC=C1)N[C@@H](C)C(=O)N2[C@H]3CCCC[C@@H]3C[C@H]2C(=O)O
cid_1368,CCOC(=O)[C@H](CCC1=CC=CC=C1)N[C@@H](C)C(=O)N2[C@H]3CCC[C@H]3C[C@H]2C(=O)O
cid_1369,CCOC1=C(C(=CC(=N1)NC(=O)CC2=CC(=C(C=C2OC)Br)OC)N)C#N
cid_1370,CCOC1=C(C=CC(=N1)C(=O)NCC2=C(C=CC(=C2)OC)OC)C#N
cid_1371,CCOC1=CC=CC=C1OCCN[C@H](C)CC2=CC(=C(C=C2)OC)S(=O)(=O)N
cid_1372,CCOC1=CC=CC=C1O[C@H]([C@@H]2CNCCO2)C3=CC=CC=C3
cid_1373,CCOCCOCCOCCOCCOCCOCC
cid_1374,CCOP(=S)(OCC)OC1=CC=C(C=C1)[N+](=O)[O-]
cid_1375,CCO[C@@H](CC1=CC2=C(C=C1)N(C=C2)CC3=C(OC(=N3)C4=CC=CC=C4Cl)C)C(=O)O
cid_1376,CCO[C@@H](CC1=CC=C(C=C1)OCCN2C3=CC=CC=C3OC4=CC=CC=C42)C(=O)O
cid_1377,CC[C@@H](C)NC1=NC=C(S1)C(=O)NC2=C(C=CC(=C2)C(=O)NC)C
cid_1378,CC[C@@H](CO)NC(=O)[C@H]1CN([C@@H]2CC3=CNC4=CC=CC(=C34)C2=C1)C
cid_1379,CC[C@@H]1[C@@]([C@@H]([C@H](C(=O)[C@@H](C[C@@]([C@@H]([C@H]([C@@H]([C@H](C(=O)O1)C)O[C@H]2C[C@@]([C@H]([C@@H](O2)C)O)(C)OC)C)O[C@H]3[C@@H]([C@H](C[C@H](O3)C)N(C)C)O)(C)O)C)C)O)(C)O
cid_1380,CC[C@@]1(C2=C(COC1=O)C(=O)N3CC4=CC5=CC=CC=C5N=C4C3=C2)O
cid_1381,CC[C@@]1(CC[C@@H]2[C@@]1(CC[C@H]3[C@H]2CCC4=CCCC[C@H]34)C)O
cid_1382,CC[C@@]12CCCN3[C@@H]1C4=C(CC3)C5=CC=CC=C5N4[C@](C2)(C(=O)OC)O
cid_1383,CC[C@H](C(=O)O)N
cid_1384,CC[C@H](C)C(=O)O[C@H]1C[C@H](C=C2[C@H]1[C@H]([C@H](C=C2)C)CC[C@@H]3C[C@H](CC(=O)O3)O)C
cid_1385,CC[C@H](C)C(=O)O[C@H]1C[C@H](C=C2[C@H]1[C@H]([C@H](C=C2)C)CC[C@H](C[C@H](CC(=O)O)O)O)C
cid_1386,CC[C@H](C)[C@@H](C(=O)O)N
cid_1387,CC[C@H](CO)NC1=NC2=C(C(=N1)NCC3=CC=C(C=C3)C4=CC=CC=N4)N=CN2C(C)C
cid_1388,CC[C@H](CO)NC1=NC2=C(C(=N1)NCC3=CC=CC=C3O)N=CN2C(C)C
cid_1389,CC[C@H](CO)NC1=NC2=C(C=NN2C(=N1)NCC3=CC=CC=C3)C(C)C
cid_1390,CC[C@H](CO)NC1=NN2C(=NC=C2C3=CC=C(C=C3)C(=O)O)C=C1
cid_1391,CC[C@H]1CN2CCC3=CC(=C(C=C3[C@@H]2C[C@@H]1C[C@@H]4C5=CC(=C(C=C5CCN4)OC)OC)OC)OC
cid_1392,CC[Hg]SC1=CC=CC=C1C(=O)O
cid_1393,CC[N+](CC)(CC)CC
cid_1394,CC[N+]1=C(C(=C(C(=C1C)C(=O)OC(C)C)C2=CC=CC=C2Cl)C(=O)O)C(=O)O
cid_1395,CCl
cid_1396,CN(C)C(=NCCC[C@@H](C(=O)O)N)N
cid_1397,CN(C)C(=O)OC1=CC=CC(=C1)[N+](C)(C)C
cid_1398,CN(C)C1=NC=NC2=C1N=CN2[C@H]3[C@@H]([C@@H]([C@H](O3)CO)N)O
cid_1399,CN(C)C=O
cid_1400,CN(C)CC(=O)O
cid_1401,CN(C)CC(C1=CC=C(C=C1)O)C2(CCCCC2)O
cid_1402,CN(C)CC(C1=CC=C(C=C1)OC)C2(CCCCC2)O
cid_1403,CN(C)CC/C=C\1/C2=CC=CC=C2COC3=C1C=C(C=C3)CC(=O)O
cid_1404,CN(C)CCC(C1=CC=C(C=C1)Br)C2=CC=CC=N2
cid_1405,CN(C)CCC(C1=CC=C(C=C1)Cl)C2=CC=CC=N2
cid_1406,CN(C)CCC1=CNC2=C1C=C(C=C2)OC
cid_1407,CN(C)CCC=C1C2=CC=CC=C2CCC3=CC=CC=C31
cid_1408,CN(C)CCC=C1C2=CC=CC=C2COC3=CC=CC=C31
cid_1409,CN(C)CCCC1(C2=C(CO1)C=C(C=C2)C#N)C3=CC=C(C=C3)F
cid_1410,CN(C)CCCN1C2=CC=CC=C2CCC3=C1C=C(C=C3)Cl
cid_1411,CN(C)CCCN1C2=CC=CC=C2CCC3=CC=CC=C31
cid_1412,CN(C)CCCN1C2=CC=CC=C2SC3=C1C=C(C=C3)C(F)(F)F
cid_1413,CN(C)CCCN1C2=CC=CC=C2SC3=C1C=C(C=C3)Cl
cid_1414,CN(C)CCCN1C2=CC=CC=C2SC3=CC=CC=C31
cid_1415,CN(C)CCCN1C=C(C2=CC=CC=C21)C3=C(C(=O)NC3=O)C4=CNC5=CC=CC=C54
cid_1416,CN(C)CCN(CC1=CC=CC=C1)C2=CC=CC=N2
cid_1417,CN(C)CCNC(=O)C1=C2C(=CC=C1)N=C3C=CC=C(C3=N2)Br
cid_1418,CN(C)CCO
cid_1419,CN(C)CCOC(=O)COC1=CC=C(C=C1)Cl
cid_1420,CN(C)CCOC(C1=CC=C(C=C1)Cl)C2=CC=CC=N2
cid_1421,CN(C)CCOC(C1=CC=CC=C1)C2=CC=C(C=C2)Br
cid_1422,CN(C)CCOC(C1=CC=CC=C1)C2=CC=CC=C2
cid_1423,CN(C)C[C@@H](COC1=CC=C(C=C1)NC2=NC=C(C(=N2)NC3=CC=CC=C3)Br)O
cid_1424,CN(C)C[C@@H](COC1=CC=C(C=C1)NC2=NC=CC(=N2)NC3=C(C=CC(=C3)Cl)Cl)O
cid_1425,CN(C)C[C@H](COC1=CC=C(C=C1)NC2=CC(=NC=N2)NC3=C(C=CC(=C3)C(F)(F)F)F)O
cid_1426,CN(C)C[C@H](COC1=CC=C(C=C1)NC2=CC(=NC=N2)NC3=C(C=CC=C3F)F)O
cid_1427,CN(C)N
cid_1428,CN(C)S(=O)(=O)C1=CC2=C(C=C1)SC3=CC=CC=C3N2CCCN4CCC(CC4)CCO
cid_1429,CN(C)S(=O)(=O)C1=CC\2=C(C=C1)NC(=O)/C2=C\C3=CC4=C(N3)CCCC4
cid_1430,CN(C1CCCCC1)C2=NC=CC(=N2)C3=CN=C4N3C=CC=C4
cid_1431,CN(CC(=O)O)C(=S)C1=CC=CC2=C1C=CC(=C2C(F)(F)F)OC
cid_1432,CN(CC1=CN=C2C(=N1)C(=NC(=N2)N)N)C3=CC=C(C=C3)C(=O)N[C@@H](CCC(=O)O)C(=O)O
cid_1433,CN(CCC1=CC=C(C=C1)NS(=O)(=O)C)CCOC2=CC=C(C=C2)NS(=O)(=O)C
cid_1434,CN(CCCCCCCCCCN(C)C(=O)OC1=CC=CC(=C1)[N+](C)(C)C)C(=O)OC2=CC=CC(=C2)[N+](C)(C)C
cid_1435,CN(CCCCON)C[C@@H]1[C@H]([C@H]([C@@H](O1)N2C(=NC3=C2N=CN=C3N)C=C)O)O
cid_1436,CN(CCCNC(=O)C1CCCO1)C2=NC3=CC(=C(C=C3C(=N2)N)OC)OC
cid_1437,CN1C(=CC(=N1)C2=CC=CC=C2)NS(=O)(=O)O
cid_1438,CN1C(=NN=N1)SCC2=C(N3[C@@H]([C@@H](C3=O)NC(=O)[C@@H](C4=CC=CC=C4)O)SC2)C(=O)O
cid_1439,CN1C(=O)CN=C(C2=C1C=CC(=C2)Cl)C3=CC=CC=C3
cid_1440,CN1C(CC(C1=O)O)C2=CN=CC=C2
cid_1441,CN1C(CCC1=O)C2=CN=CC=C2
cid_1442,CN1C2=C(C(=N1)C3=CC4=CC=CC=C4C=C3)C(=NC=N2)N
cid_1443,CN1C2=C(C(=O)N(C1=O)C)NC=N2
cid_1444,CN1C2=C(C=CC(=C2)Cl)C3=C1C(=O)NC4([C@@H]3C#N)CCNCC4
cid_1445,CN1C2=C(CCC3=CN=C(N=C32)NC4=CC=CC=C4)C(=N1)C(=O)O
cid_1446,CN1C2=C(N=C1C3=CC=C(C=C3)S(=O)(=O)O)N(C(=O)N(C2=O)CC=C)C
cid_1447,CN1C2=C(N=CC(=C2)C3=CC=CC=C3)N=C1N
cid_1448,CN1C2=CC=CC=C2C3=C4C(=C5C6=CC=CC=C6N(C5=C31)CCC#N)CNC4=O
cid_1449,CN1C2=NC(=NC=C2C=C(C1=O)C3=C(C=CC=C3Cl)Cl)NC4=CC(=CC=C4)SC
cid_1450,CN1C2CCCC1CC(C2)NC(=O)C3=NN(C4=CC=CC=C43)C
cid_1451,CN1C=C(C(=N1)C2=CC=C(C=C2)OCC3=NC4=CC=CC=C4C=C3)C5=CC=NC=C5
cid_1452,CN1C=C(C2=CC=CC=C21)C3=C(C(=O)NC3=O)C4=CN(C5=CC=CC=C54)CCCN
cid_1453,CN1C=C(N=C1)C[C@@H](C(=O)O)N
cid_1454,CN1C=NC2=C1C(=C(C(=C2)C#N)C3=CC=CC=C3Cl)CN
cid_1455,CN1C=NC2=C1C(=O)N(C(=O)N2C)C
cid_1456,CN1C=NC=C1[C@@H](C2=CC=C(C=C2)C#N)OCC3=C(C=C(C(=N3)Cl)C#N)C4=CC(=CC=C4)Cl
cid_1457,CN1CC(=O)N2[C@@H](C1=O)CC3=C([C@H]2C4=CC5=C(C=C4)OCO5)NC6=CC=CC=C36
cid_1458,CN1CC(C2=C(C1)C(=CC=C2)N)C3=CC=CC=C3
cid_1459,CN1CCC(=C2C3=C(C(=O)CC4=CC=CC=C42)SC=C3)CC1
cid_1460,CN1CCC(=C2C3=CC=CC=C3C=CC4=CC=CC=C42)CC1
cid_1461,CN1CCC(=CC1)C2=CC=CC=C2
cid_1462,CN1CCC(CC1)OC(C2=CC=CC=C2)C3=CC=CC=C3
cid_1463,CN1CCC2(CC1)[C@@H](C3=C(C(=O)N2)N(C4=C3C=CC(=C4Cl)Cl)C)C#N
cid_1464,CN1CCC2=CC=CC3=C2[C@H]1CC4=C3C(=C(C=C4)O)O
cid_1465,CN1CCCC(CC1)N2C(=O)C3=CC=CC=C3C(=N2)CC4=CC=C(C=C4)Cl
cid_1466,CN1CCCCC1CCN2C3=CC=CC=C3SC4=C2C=C(C=C4)S(=O)C
cid_1467,CN1CCCCC1CCN2C3=CC=CC=C3SC4=C2C=C(C=C4)SC
cid_1468,CN1CCC[C@@H]1CCN2C=C(C3=CC=CC=C32)C4=C(C(=O)NC4=O)C5=CNC6=CC=CC=C65
cid_1469,CN1CCN(CC1)C(=O)O[C@H]2C3=NC=CN=C3C(=O)N2C4=NC=C(C=C4)Cl
cid_1470,CN1CCN(CC1)C(C2=CC=CC=C2)C3=CC=CC=C3
cid_1471,CN1CCN(CC1)C2=C3C=CC=CC3=NC4=C(N2)C=C(C=C4)Cl
cid_1472,CN1CCN(CC1)C2=CC=C(C=C2)C(=O)NC3=NNC4=CN(C=C43)C(=O)CC5=CC=CS5
cid_1473,CN1CCN(CC1)C2=NC3=CC=CC=C3OC4=C2C=C(C=C4)Cl
cid_1474,CN1CCN(CC1)CC/C=C\2/C3=CC=CC=C3SC4=C2C=C(C=C4)S(=O)(=O)N(C)C
cid_1475,CN1CCN(CC1)CCCN2C3=CC=CC=C3SC4=C2C=C(C=C4)C(F)(F)F
cid_1476,CN1CCN(CC1)CCCN2C3=CC=CC=C3SC4=C2C=C(C=C4)Cl
cid_1477,CN1CCN(CC1)CCCN2C3=CC=CC=C3SC4=C2C=C(C=C4)S(=O)(=O)N(C)C
cid_1478,CN1CCN(CC1)S(=O)(=O)C2=CC3=C(C[C@@H](NS3(=O)=O)C4CCCC4)C=C2
cid_1479,CN1CCN2C(C1)C3=CC=CC=C3CC4=C2N=CC=C4
cid_1480,CN1CCN2C(C1)C3=CC=CC=C3CC4=CC=CC=C42
cid_1481,CN1CC[C@@H]([C@@H](C1)O)C2=C(C=C(C3=C2OC(=CC3=O)C4=CC=CC=C4Cl)O)O
cid_1482,CN1CC[C@@]23C=C[C@@H](C[C@@H]2OC4=C(C=CC(=C34)C1)OC)O
cid_1483,CN1[C@@H]2CC[C@H]1CC(=O)C2
cid_1484,CN1[C@H](CNC2=C1C(=O)N=C(N2)N)CNC3=CC=C(C=C3)C(=O)N[C@@H](CCC(=O)O)C(=O)O
cid_1485,CNC(=C)C(=O)O
cid_1486,CNC(=NC)NCCC[C@@H](C(=O)O)N
cid_1487,CNC(=O)C1=CC=CC=C1NC2=NC(=NC=C2Cl)NC3=C(C=C(C=C3)N4CCOCC4)OC
cid_1488,CNC(=O)C1=NC=CC(=C1)OC2=CC=C(C=C2)NC(=O)NC3=CC(=C(C=C3)Cl)C(F)(F)F
cid_1489,CNC(=O)CC[C@@H](C(=O)O)N
cid_1490,CNC(=O)CN1CCC(CC1)NC2=NC=CC(=N2)C3=CN=C4N3C=CC=C4
cid_1491,CNC(=O)[C@@H]1CC2=C(CN1C(=O)OCC3=CC=CC=C3)C=C(C=C2)NS(=O)(=O)O
cid_1492,CNC(=O)[C@H](CC1=C(C(=C(C(=C1F)F)F)F)F)NC(=O)NC2=NNC(=S)S2
cid_1493,CNC(=O)[C@H](CC1=CC=CC=C1)NC(=O)NC2=NNC(=S)S2
cid_1494,CNCC(C1=CC(=CC=C1)O)O
cid_1495,CNCCC(C1=CC=CC=C1)OC2=CC=C(C=C2)C(F)(F)F
cid_1496,CNCCC1=CC(=C(C=C1)O)O
cid_1497,CNCCC=C1C2=CC=CC=C2CCC3=CC=CC=C31
cid_1498,CNCCCC12CCC(C3=CC=CC=C31)C4=CC=CC=C24
cid_1499,CNCCCC1C2=CC=CC=C2C=CC3=CC=CC=C13
cid_1500,CNCCCN(C)N(N=O)O
cid_1501,CNCCCN1C2=CC=CC=C2CCC3=CC=CC=C31
cid_1502,CNCCNC
cid_1503,CNCCO
cid_1504,CNC[C@@H](C1=CC(=CC=C1)O)O
cid_1505,CNN
cid_1506,CNNC
cid_1507,CNS(=O)(=O)C1=CC=C(C=C1)C2=CC=C(O2)/C=C\3/C(=O)N=C(S3)N
cid_1508,CNS(=O)(=O)CC1=CC2=C(C=C1)NC=C2CCN(C)C
cid_1509,CO/C=C(\C1=CC=CC=C1/C=C/C2=CC=CC=C2)/C(=O)OC
cid_1510,CO/C=C(\C1=CC=CC=C1OC2=NC=NC(=C2)OC3=CC=CC=C3C#N)/C(=O)OC
cid_1511,COC
cid_1512,COC(=O)C(C1CCCCN1)C2=CC=CC=C2
cid_1513,COC(=O)C(CC1=CC=CC=C1)(CC2=CC=C(C=C2)NS(=O)(=O)O)C(=O)OC
cid_1514,COC(=O)C1=C(C=CC=C1OC/C=C/C2=CC=CC(=C2)C3=C(C(=NO3)C(=O)O)CO)O
cid_1515,COC(=O)C1=C([C@@H]2C(=C([C@H]1O2)C3=CC=C(C=C3)O)C4=CC=C(C=C4)O)C(=O)OC
cid_1516,COC(=O)C1=CC(=C(C(=C1)O)O)O
cid_1517,COC(=O)C1=CC=CC=C1C(=O)OC
cid_1518,COC(=O)CC(=O)OC
cid_1519,COC(=O)CCC(=O)OC
cid_1520,COC1=C(C(=C(C(=C1)CC2=NC3=C(N2CCCC#C)N=CN=C3N)Cl)OC)OC
cid_1521,COC1=C(C(=C(C(=C1)N)OC)CCOC(=O)C2=CC(=C(C=C2O)O)Cl)OC
cid_1522,COC1=C(C(=C(C(=C1F)F)C(=O)N)F)F
cid_1523,COC1=C(C(=C(C=C1)F)F)C(=O)C2=CN=C(N=C2N)NC3CCN(CC3)S(=O)(=O)C
cid_1524,COC1=C(C=C(C=C1)C(=O)NC2=C(C=NC=C2Cl)Cl)OC3CCCC3
cid_1525,COC1=C(C=C(C=C1)C2=CC=CC=C2)N3CC(=O)NS3(=O)=O
cid_1526,COC1=C(C=C(C=C1)CC2=NC=CC3=CC(=C(C=C32)OC)OC)OC
cid_1527,COC1=C(C=C(C=C1)NC2=NC(=NC=N2)NC3=CC(=C(C(=C3)OC)OC)OC)Cl
cid_1528,COC1=C(C=C(C=C1)O)NC(=O)NC(=O)C2=C(C=C(C=C2)F)Cl
cid_1529,COC1=C(C=C(C=C1)[C@H]2CC(=O)NC2)OC3CCCC3
cid_1530,COC1=C(C=C2C(=C1)C(=NC(=N2)N3CCN(CC3)C(=O)C4=CC=CO4)N)OC
cid_1531,COC1=C(C=C2C(=C1)C(=NC(=N2)N3CCN(CC3)C(=O)C4CCCO4)N)OC
cid_1532,COC1=C(C=C2C(=C1)C(=NC(=N2)N3CCN(CC3)C(=O)C4COC5=CC=CC=C5O4)N)OC
cid_1533,COC1=C(C=C2C(=C1)C(=NC=N2)N3CC[C@H](C3)OC4=CC5=CC=CC=C5C=C4)OC
cid_1534,COC1=C(C=C2C(=C1)C(=NC=N2)N3CC[C@H](C3)OC4=NC5=CC=CC=C5N=C4)OC
cid_1535,COC1=C(C=C2C(=C1)C(=NC=N2)NC3=C(C=CC4=C3OCO4)Cl)OCCCN5CCCCC5
cid_1536,COC1=C(C=C2C(=C1)C(=NC=N2)NC3=CC(=CC=C3)O)OC
cid_1537,COC1=C(C=C2C(=C1)N=CN=C2NC3=CC(=C(C=C3)F)Cl)OCCCN4CCOCC4
cid_1538,COC1=C(C=C2C3=C(C4=CC5=C(C=C4C3)OCO5)[NH+]=CC2=C1)OC
cid_1539,COC1=C(C=CC(=C1)C(C(=O)O)O)O
cid_1540,COC1=C(C=CC(=C1)C2=NNC(=O)C=C2)OC(F)F
cid_1541,COC1=C(C=CC(=C1)C=O)O
cid_1542,COC1=C(C=CC(=C1)CS(=O)(=O)C)NC2=NC3=C(C=CN3)C(=N2)NC4=C(C(=CC=C4)F)C(=O)N
cid_1543,COC1=C(C=CC(=C1)NS(=O)(=O)C)NC2=C3C=CC=CC3=NC4=CC=CC=C42
cid_1544,COC1=C2C(=CNC2=NC=C1)C3=NC(=NC=C3)N
cid_1545,COC1=CC(=C(C=C1)OC)CC2=NC3=C(N2)C(=NC(=N3)F)N
cid_1546,COC1=CC(=C(C=C1CCN)OC)Br
cid_1547,COC1=CC(=CC(=C1)C2=NC(=C(C(=N2)N)CN)C3=C(C=C(C=C3)Cl)Cl)OC
cid_1548,COC1=CC(=CC(=C1OC)OC)C(C(=O)N2CCCC[C@H]2C(=O)O[C@@H](CCCC3=CC=CC=C3)CCCC4=CN=CC=C4)(F)F
cid_1549,COC1=CC(=CC(=C1OC)OC)CC2=CN=C(N=C2N)N
cid_1550,COC1=CC(=CC(=C1OC)OC)NC2=NC=CC(=N2)NC3=C(C=CC4=C3OCO4)Cl
cid_1551,COC1=CC=C(C=C1)C(=O)N2CCCC2=O
cid_1552,COC1=CC=C(C=C1)C(=O)O
cid_1553,COC1=CC=C(C=C1)C2=C(N=C(N2)C3=CC=CS3)C4=CC=C(C=C4)OC
cid_1554,COC1=CC=C(C=C1)CCN2CCC(CC2)NC3=NC4=CC=CC=C4N3CC5=CC=C(C=C5)F
cid_1555,COC1=CC=C(C=C1)NC2=C(C(=O)N(C2=O)CC3=CC=CC=C3)C4=CC=CC=C4
cid_1556,COC1=CC=C(C=C1)OC2=CC=CC3=C2C(=NC(=N3)N)N
cid_1557,COC1=CC=C(C=C1)S(=O)(=O)N2C=C(C3=C2C=CC(=C3)OC)CCC(=O)O
cid_1558,COC1=CC=C(C=C1)S(=O)(=O)N2CCN(CC2)S(=O)(=O)C3=CC4=C(C=C3)OCCO4
cid_1559,COC1=CC=C(C=C1)S(=O)(=O)N2CCN(C[C@@H]2C(=O)NO)C(=O)OCC3=CC=CC=C3
cid_1560,COC1=CC=C(C=C1)S(=O)(=O)N2C[C@H](C[C@@H]2C(=O)NO)NOC
cid_1561,COC1=CC=C(C=C1)[N+](=O)[O-]
cid_1562,COC1=CC=CC(=C1)C(=O)N
cid_1563,COC1=CC=CC(=C1)C2=CC(=C(C=C2)NC(=O)C3=C(SC=C3)C(=O)O)F
cid_1564,COC1=CC=CC(=C1)C2=NC3=C(C=CC=C3N2)C(=O)N
cid_1565,COC1=CC=CC(=C1N)C2=CC(=O)C3=CC=CC=C3O2
cid_1566,COC1=CC=CC=C1/C=N\OCCC(=O)O
cid_1567,COC1=CC=CC=C1C2=CC=C(O2)C(=O)O
cid_1568,COC1=CC=CC=C1CNCCCCCCNCCSSCCNCCCCCCNCC2=CC=CC=C2OC
cid_1569,COC1=CC=CC=C1OCCNCC(COC2=CC=CC3=C2C4=CC=CC=C4N3)O
cid_1570,COC1=CC\2=C(C=C1)NC(=O)/C2=C\C3=CN=CN3
cid_1571,COC1=NC=C(C=C1)C2=CC(=NC=N2)N3C[C@@H]([C@H](C3)N)C4=CC(=C(C=C4F)F)F
cid_1572,COC1C(C(C(C(O1)CO)O)O)O
cid_1573,COCC#CC[C@H](C(=O)O)NS(=O)(=O)C1=CC=C(C=C1)C2=CC=C(C=C2)OC
cid_1574,COCC(=O)O
cid_1575,COCC(COC)N1C=CC2=C1C=CC3=C2C(=NC(=N3)N)N
cid_1576,COCC1=C2C(=CC(=C1)O)[C@@H]3CC(C[C@@H]3[C@@H](O2)C4=CC=C(C=C4)O)(F)F
cid_1577,COCC1=C2C(=CC(=C1)O)[C@@H]3CCC[C@@H]3[C@@H](O2)C4=CC=C(C=C4)O
cid_1578,COCCCCCCCCCCCC(=O)O
cid_1579,COCCOC
cid_1580,COCCOC1=C(C=C2C(=C1)C(=NC=N2)NC3=CC=CC(=C3)C#C)OCCOC
cid_1581,COCCOC1=C(C=C2C3=CC(=NC(=C3C=NC2=C1)N)N4C=CN=C4)OC
cid_1582,COCCOCCOC
cid_1583,COCCOCCOCCOCCOCCO
cid_1584,COP(=O)(OC)OC
cid_1585,COS(=O)(=O)O
cid_1586,CO[C@H]([C@H](C=O)O)[C@@H]([C@@H](CO)O)O
cid_1587,CP(=O)(CC(=O)CC(=O)O)O
cid_1588,CP(=O)(O)O
cid_1589,CS
cid_1590,CS(=O)(=O)C1=CC(=C(C=C1)C2=NOC(=N2)[C@@H](CC3CC3)[C@@H](C(=C4CCCC4)F)N)Cl
cid_1591,CS(=O)(=O)C1=CC2=C(C=C1)N3C[C@@H]([C@H](CC3=N2)C4=CC(=C(C=C4F)F)F)N
cid_1592,CS(=O)(=O)C1=CC=CC(=C1)C(=O)NC[C@@H]2CCCN2C(=O)C[C@@H](CC3=CC(=CC=C3)Cl)N
cid_1593,CS(=O)(=O)C1=CC=CC(=C1)C2=CC(=NC=N2)N3C[C@@H]([C@H](C3)N)C4=CC(=C(C=C4F)F)F
cid_1594,CS(=O)(=O)C1=CC=CC(=C1)NC2=NC=CC(=N2)NC3=C(C=CC4=C3OCO4)Cl
cid_1595,CS(=O)(=O)NC1=CC=CC(=C1)NC2=NC=CC(=N2)NC3=C(C=CC4=C3OCO4)Cl
cid_1596,CS(=O)(=O)O
cid_1597,CS(=O)(=O)OCCCCOS(=O)(=O)C
cid_1598,CS(=O)C
cid_1599,CSC1=NC=NC2=C1N=CN2[C@H]3[C@@H]([C@@H]([C@H](O3)CO)O)O
cid_1600,CSCC1C(C(C(O1)N2C=NC3=C2N=CN=C3N)O)O
cid_1601,CSCCC(=O)C(=O)O
cid_1602,CSCCC(C(=O)O)N
cid_1603,CSCCC(C(=O)O)NC=O
cid_1604,CSCC[C@@H](C(=O)O)NC=O
cid_1605,CSCC[C@H](C(=O)O)N
cid_1606,CSC[C@@H](C(=O)O)N
cid_1607,CSC[C@@H]1[C@H]([C@H]([C@@H](O1)N2C=CC3=C2N=CN=C3N)O)O
cid_1608,CS[C@@H]1[C@H]([C@H]([C@H]([C@H]1O)O)O)NCC2=CC=CC=C2
cid_1609,C[As](=O)(C)O
cid_1610,C[C@@H](/C=C(\C)/C=C/[C@@H]([C@H](C)C(=O)O)N)[C@H](CC1=CC=CC=C1)OC
cid_1611,C[C@@H](/C=C/C=C/C(C)C)C1=NC(=CS1)C2=NC(=CS2)/C=C/[C@@H]([C@@H](C)/C(=C\C(=O)N)/OC)OC
cid_1612,C[C@@H](C(=O)C1=CC=CC=C1)N
cid_1613,C[C@@H](C(=O)O)N
cid_1614,C[C@@H](C1=CC(=CC=C1)Cl)OC2=CC=CC3=C2C(=NC(=N3)N)N
cid_1615,C[C@@H](C1=CC=CC=C1)NC2=NC=C3C(=C2)C(=NO3)C4=CC(=CC(=C4)Cl)CCCO
cid_1616,C[C@@H](C1=CC=CC=C1)NC2=NC=CC(=N2)C3=C(N=C(N3C)C4CCNCC4)C5=CC(=CC=C5)C(F)(F)F
cid_1617,C[C@@H](C1=CC=CN1)C2=C3C=C(C=CC3=NC2=O)NC(=O)N
cid_1618,C[C@@H](C1=CC=CN1)C2=C3C=C(C=CC3=NC2=O)O
cid_1619,C[C@@H](CC(C)(C)O)O
cid_1620,C[C@@H](CC1=CC=CC=C1)N
cid_1621,C[C@@H](CC1=CC=CC=C1)NC
cid_1622,C[C@@H](CCCC(C)(C)OC)C/C=C/C(=C/C(=O)O)/C
cid_1623,C[C@@H](CNS(=O)(=O)C)C1=CC=C(C=C1)C2=CC=C(C=C2)[C@@H](C)CNS(=O)(=O)C
cid_1624,C[C@@H](CO)NC(=O)[C@H]1CN([C@@H]2CC3=CNC4=CC=CC(=C34)C2=C1)C
cid_1625,C[C@@H]([C@@H](CCC1=CC=CC2=CC=CC=C21)N3C=C(N=C3)C(=O)N)O
cid_1626,C[C@@H]([C@H](C(=O)O)N)C(=O)O
cid_1627,C[C@@H]([C@H](C1=CC=CC=C1)O)NC
cid_1628,C[C@@H]([C@H](CCC1=C2C(=CC=C1)N=C(O2)C3=CC=C(C=C3)Cl)N4C=C(N=C4)C(=O)N)O
cid_1629,C[C@@H]([C@H]1CC[C@@]2([C@@]1(CC[C@H]3C2=CC(=O)[C@H]4[C@@]3(C[C@@H]([C@@H](C4)O)O)C)C)O)[C@@H](CCC(C)(C)O)O
cid_1630,C[C@@H]1C(=O)NCCCN1C(=O)C[C@@H](CC2=CC(=C(C=C2F)F)F)N
cid_1631,C[C@@H]1C2=NC(=NN2CCN1C(=O)C[C@@H](CC3=CC(=C(C=C3F)F)F)N)C(F)(F)F
cid_1632,C[C@@H]1CC(=O)[C@]2([C@@H](O1)O[C@@H]3[C@H]([C@@H]([C@@H]([C@@H]([C@H]3O2)NC)O)NC)O)O
cid_1633,C[C@@H]1CCN(C[C@@H]1N(C)C2=NC=NC3=C2C=CN3)C(=O)CC#N
cid_1634,C[C@@H]1CC[C@H]([C@@H](C1)O)C(C)C
cid_1635,C[C@@H]1C[C@H]2CN1CCN3C(=O)C4=C(N3)C(=CC=C4)C5=NC6=C(C=CC=C6O2)NC5=O
cid_1636,C[C@@H]1C[C@H]2[C@@H]3C[C@@H](C4=CC(=O)C=C[C@@]4([C@]3([C@H](C[C@@]2([C@]1(C(=O)CO)O)C)O)F)C)F
cid_1637,C[C@@H]1[C@H]([C@@H]([C@H]([C@H](O1)O[C@@H]2[C@H](O[C@@H]([C@@H]([C@H]2O)O)O[C@@H]3[C@H](O[C@@H]([C@@H]([C@H]3O)O)O)CO)CO)O)O)N[C@H]4C=C([C@H]([C@@H]([C@H]4O)O)O[C@@H]5[C@@H]([C@H]([C@@H]([C@H](O5)CO)O[C@@H]6[C@@H]([C@H]([C@@H]([C@H](O6)CO)O)O)O)O)O)CO
cid_1638,C[C@@H]1[C@H]([C@H]([C@@H](O1)N2C=C(C(=O)NC2=O)F)O)O
cid_1639,C[C@@H]1[C@]([C@@H]([C@H](O1)O[C@@H]2[C@H]([C@@H]([C@H]([C@@H]([C@H]2O)O)N=C(N)N)O)N=C(N)N)O[C@@H]3[C@@H]([C@H]([C@@H]([C@H](O3)CO)O)O)NC)(C=O)O
cid_1640,C[C@@]1(C(=O)N(C(=O)O1)NC2=CC=CC=C2)C3=CC=C(C=C3)OC4=CC=CC=C4
cid_1641,C[C@@]1(C(=O)N2[C@H](C(=O)N3CCC[C@H]3[C@@]2(O1)O)CC4=CC=CC=C4)NC(=O)[C@@H]5C[C@H]6[C@@H](CC7=CNC8=CC=CC6=C78)N(C5)C
cid_1642,C[C@@]1(C(=O)N2[C@H](C(=O)N3CCC[C@H]3[C@@]2(O1)O)CC4=CC=CC=C4)NC(=O)[C@H]5CN([C@@H]6CC7=CNC8=CC=CC(=C78)C6=C5)C
cid_1643,C[C@@]1(CCCN1)C2=NC3=C(C=CC=C3N2)C(=O)N
cid_1644,C[C@@]12[C@](C[C@@H](O1)N3C4=CC=CC=C4C5=C6C(=C7C8=CC=CC=C8N2C7=C53)CNC6=O)(C(=O)OC)O
cid_1645,C[C@@]\1(C2=CC=CC=C2N/C1=C\3/C4=C(C=CC(=C4)S(=O)(=O)N5CCC(CC5)O)NC3=O)O
cid_1646,C[C@H](/C=C(\C)/C=C/C(=O)NO)C(=O)C1=CC=C(C=C1)N(C)C
cid_1647,C[C@H](C(C)(C)C)O[P@H](=O)C
cid_1648,C[C@H](C1=CC=CC=C1Cl)OC2=C(SC(=C2)N3C=NC4=CC(=C(C=C43)OC)OC)C(=O)N
cid_1649,C[C@H](C1=NC(=NO1)C2=CC=C(C=C2)S(=O)(=O)C)[C@@H](C(=O)N3CCCC3)N
cid_1650,C[C@H](CC1=CC2=C(C(=C1)C(=O)N)N(CC2)CCCO)NCCOC3=CC=CC=C3OCC(F)(F)F
cid_1651,C[C@H](CC1=CC=C(C=C1)OC)NC[C@@H](C2=CC(=C(C=C2)O)NC=O)O
cid_1652,C[C@H](CCC(=O)O)[C@H]1CC[C@@H]2[C@@]1(C(=O)C[C@H]3[C@H]2C(=O)C[C@H]4[C@@]3(CCC(=O)C4)C)C
cid_1653,C[C@H](CCC(=O)O)[C@H]1CC[C@@H]2[C@@]1(CC[C@H]3[C@H]2CC[C@H]4[C@@]3(CC[C@H](C4)O)C)C
cid_1654,C[C@H](CCC(=O)O)[C@H]1CC[C@@H]2[C@@]1([C@H](C[C@H]3[C@H]2[C@@H](C[C@H]4[C@@]3(CC[C@H](C4)O)C)O)O)C
cid_1655,C[C@H](CCC1=CC=C(C=C1)O)NC(=O)CC2=C(NC3=CC=CC=C32)C4=CC=CC=C4
cid_1656,C[C@H](CCCC(C)(C)O)[C@H]1CC[C@@H]2[C@@]1(CC[C@H]3[C@H]2CC=C4[C@@]3(CC[C@@H](C4)O)C)C
cid_1657,C[C@H](CCCC(C)C)[C@H]1CC[C@@H]2[C@@]1(CC[C@H]3[C@H]2CC[C@@H]4[C@@]3(CC[C@@H](C4)O)C)C
cid_1658,C[C@H](CO)O
cid_1659,C[C@H](CS)C(=O)N1CCC[C@H]1C(=O)O
cid_1660,C[C@H]([C@@H](C(=O)O)N)O
cid_1661,C[C@H]([C@H](C1=CN=C2C(=N1)C(=O)N=C(N2)N)O)O
cid_1662,C[C@H]1C=C([C@@H]2[C@@H]([C@]1(CO[C@@H]2C3=CC=C(C=C3)O)CO)C)C
cid_1663,C[C@H]1CCC/C=C/[C@@H]2C[C@@H](C[C@H]2[C@@H](/C=C/C(=O)O1)O)O
cid_1664,C[C@H]1CNCCCN1S(=O)(=O)C2=CC=CC3=CN=CC(=C32)C
cid_1665,C[C@H]1C[C@@H]2[C@H](CC[C@]3([C@H]2CC[C@@]3(C(=O)C)OC(=O)C)C)[C@@]4(C1=CC(=O)CC4)C
cid_1666,C[C@H]1C[C@H]2[C@@H]3CCC4=CC(=O)C=C[C@@]4([C@]3([C@H](C[C@@]2([C@]1(C(=O)CO)O)C)O)F)C
cid_1667,C[C@H]1C[C@H]2[C@@H]3CC[C@@]([C@]3(C[C@@H]([C@@H]2[C@@]4(C1=CC(=O)C=C4)C)O)C)(C(=O)CO)O
cid_1668,C[C@H]1C[C@H]2[C@@H]3CC[C@@]([C@]3(C[C@@H]([C@@H]2[C@@]4(C1=CC(=O)C=C4)C)O)C)(C(=O)COC(=O)C)O
cid_1669,C[C@H]1C[C@H]2[C@@H]3CC[C@@]([C@]3(C[C@@H]([C@@]2([C@@]4(C1=CC(=O)C=C4)C)F)O)C)(C(=O)C)O
cid_1670,C[C@H]1[C@@H](C[C@H](O1)C[N+](C)(C)C)O
cid_1671,C[C@H]1[C@H]([C@H]([C@@H](C(O1)O)O)O)O
cid_1672,C[C@]1([C@@H]([C@H]([C@@H]([C@H](O1)CO)O)O)O)OP(=O)(O)O
cid_1673,C[C@]12CC(=O)[C@H]3[C@H]([C@@H]1CC[C@@]2(C(=O)CO)O)CCC4=CC(=O)C=C[C@]34C
cid_1674,C[C@]12CCC(=O)C(=C1CC[C@@H]3[C@@H]2CC[C@]4([C@H]3CCC4=O)C)O
cid_1675,C[C@]12CCC(=O)C=C1CC[C@@H]3[C@@H]2CC[C@]4([C@H]3CCC4=O)C
cid_1676,C[C@]12CCC(=O)C=C1CC[C@@H]3[C@@H]2CC[C@]4([C@H]3CC[C@]4(C)O)C
cid_1677,C[C@]12CCC(=O)C=C1CC[C@@H]3[C@@H]2[C@H](C[C@]4([C@H]3CC[C@@]4(C(=O)CO)O)C)O
cid_1678,C[C@]12CCC(=O)C=C1CC[C@@H]3[C@@H]2[C@H](C[C@]4([C@H]3CC[C@@]4(C(=O)COC(=O)CCC(=O)O)O)C)O
cid_1679,C[C@]12CCC(=O)C=C1CC[C@@H]3[C@@]2([C@H](C[C@]4([C@H]3CC[C@]4(C)O)C)O)F
cid_1680,C[C@]12CCC3=C([C@@H]1CC[C@@]2(C)O)C=CC4=C3C=CC(=C4)O
cid_1681,C[C@]12CC[C@@H](C([C@@H]1CC[C@@]3([C@@H]2CC=C4[C@]3(CC[C@@]5([C@H]4CC(CC5)(C)C)C(=O)O)C)C)(C)C)O
cid_1682,C[C@]12CC[C@@H](C[C@H]1CCC3C2CC[C@]4([C@@]3(CCC4C5=CC(=O)OC5)O)C)O
cid_1683,C[C@]12CC[C@H](C[C@@H]1CC[C@@H]3[C@@H]2CC[C@]4([C@H]3CCC4=O)C)O
cid_1684,C[C@]12CC[C@H](C[C@@H]1CC[C@@H]3[C@@H]2CC[C@]4([C@H]3CC[C@@H]4O)C)O
cid_1685,C[C@]12CC[C@H](C[C@H]1CC[C@@H]3[C@@H]2CC[C@]4([C@H]3CCC4=O)C)O
cid_1686,C[C@]12CC[C@H]3[C@H]([C@@H]1CCC2=O)CC=C4[C@@]3(CC[C@@H](C4)O)C
cid_1687,C[C@]12CC[C@H]3[C@H]([C@@H]1CCC2=O)CCC4=C3C=CC(=C4)O
cid_1688,C[C@]12CC[C@H]3[C@H]([C@@H]1CCC2=O)CCC4=CC(=O)C=C[C@]34C
cid_1689,C[C@]12CC[C@H]3[C@H]([C@@H]1CC[C@@H]2C(=O)NC(C)(C)C)CC[C@@H]4[C@@]3(C=CC(=O)N4)C
cid_1690,C[C@]12CC[C@H]3[C@H]([C@@H]1CC[C@@H]2O)CCC4=C3C=CC(=C4)O
cid_1691,C[C@]12CC[C@H]3[C@H]([C@@H]1CC[C@@H]2O)CCC4=CC(=O)CC[C@H]34
cid_1692,C[C@]12CC[C@H]3[C@H]([C@@H]1CC[C@@H]2O)CCC4=CC(=O)CC[C@]34C
cid_1693,C[C@]12CC[C@H]3[C@H]([C@@H]1CC[C@H]2O)CCC4=CC(=O)CC[C@]34C
cid_1694,C[C@]12CC[C@H]3[C@H]([C@@H]1CC[C@]2(C#C)O)CCC4=C3C=CC(=C4)O
cid_1695,C[C@]12CC[C@H]3[C@H]([C@@H]1CC[C@]2(C#C)O)CCC4=C3C=CC(=C4)OC
cid_1696,C[C@]12CC[C@H]3[C@H]([C@@H]1CC[C@]2(C#C)O)CCC4=CC(=O)CC[C@H]34
cid_1697,C[C@]12CC[C@H]3[C@H]([C@@H]1CC[C@]2(C)O)CCC4=CC(=O)C=C[C@]34C
cid_1698,C[C@]12CC[C@H]3[C@H]([C@@H]1CC[C@]2(C)O)CC[C@@H]4[C@@]3(COC(=O)C4)C
cid_1699,C[C@]12CC[C@H]3[C@H]([C@@H]1C[C@H]([C@@H]2O)O)CCC4=C3C=CC(=C4)O
cid_1700,C[C@]12CC[C@H]3[C@H]([C@]1(CC[C@@H]2C4=CC(=O)OC4)O)CC[C@]5([C@@]3(CC[C@@H](C5)O)C=O)O
cid_1701,C[C@]12CC[C@](C[C@H]1C3=CC(=O)[C@@H]4[C@]5(CC[C@@H](C([C@@H]5CC[C@]4([C@@]3(CC2)C)C)(C)C)O[C@@H]6[C@@H]([C@H]([C@@H]([C@H](O6)C(=O)O)O)O)O[C@H]7[C@@H]([C@H]([C@@H]([C@H](O7)C(=O)O)O)O)O)C)(C)C(=O)O
cid_1702,C[C@]12C[C@@H]([C@H]3[C@H]([C@@H]1CC[C@@]2(C(=O)CO)O)CCC4=CC(=O)C=C[C@]34C)O
cid_1703,C[Hg+]
cid_1704,C[N+](C)(C)C
cid_1705,C[N+](C)(C)C1=CC=CC=C1
cid_1706,C[N+](C)(C)CC(CC(=O)O)O
cid_1707,C[N+](C)(C)CCC(=O)C1=CC=CC2=CC=CC=C21
cid_1708,C[N+](C)(C)CCCC(=O)O
cid_1709,C[N+](C)(C)CCCCCC[N+](C)(C)C
cid_1710,C[N+](C)(C)CCO
cid_1711,C[N+](C)(C)CCOP(=O)(O)OP(=O)(O)OCC1C(C(C(O1)N2C=CC(=NC2=O)N)O)O
cid_1712,C[N+](C)(C)C[C@@H](CC(=O)[O-])O
cid_1713,C[N+](C)(C)[O-]
cid_1714,C[N+]1=C2C=C(C=CC2=CC3=C1C=C(C=C3)N)N
cid_1715,C[NH3+]
cid_1716,C[S+](C)CCC(C(=O)O)N
cid_1717,C[S+](CCC(C(=O)O)N)CC1C(C(C(O1)N2C=NC3=C2N=CN=C3N)O)O
cid_1718,C[S@@](=O)C1=CC=C(C=C1)C2=NC(=C(N2)C3=CC=NC=C3)C4=CC(=CC=C4)I
cid_1719,II
cid_1720,N#N
cid_1721,N=O
cid_1722,NS(=O)(=O)O
cid_1723,OP(=O)(O)OP(=O)(O)O
cid_1724,OP(=O)(O)OP(=O)(O)OP(=O)(O)O
cid_1725,O[W](=O)(=O)O
cid_1726,S
cid_1727,[As+3]
cid_1728,[C@@H]([C@H](C(=O)[O-])O)(C(=O)[O-])O
cid_1729,[Co]
cid_1730,[Fe]
cid_1731,[HH]
cid_1732,[K+]
cid_1733,[Mg+2]
cid_1734,[NH4+]
cid_1735,[Na+]
cid_1736,[O-]P(=O)([O-])[O-]
cid_1737,[O-]S(=O)(=O)[O-]
cid_1738,[O-]S(=O)S(=O)[O-]
cid_1739,[O-][As]([O-])[O-]
cid_1740,[OH-]
cid_1741,[SH-]
cid_1742,[Zn]
